"lon","sign","mean_anomaly","sd_anomaly","sum_anomaly","longitude"
"-166","Positive",0.685777558220757,NA,0.685777558220757,-166
"-165","Negative",-0.21936338742574,NA,-0.21936338742574,-165
"-165","Positive",0.618951920753115,0.387441998316738,5.57056728677804,-165
"-164","Negative",-0.404801194629982,NA,-0.404801194629982,-164
"-164","Positive",1.25933809526106,1.14911354278913,13.8527190478716,-164
"-163","Negative",-0.109554058057534,0.116778649505556,-0.328662174172601,-163
"-163","Positive",0.581569810400134,0.553946586474545,11.6313962080027,-163
"-162","Positive",1.0614622101124,1.62582535923514,9.55315989101156,-162
"-161","Negative",-0.128282781442007,NA,-0.128282781442007,-161
"-161","Positive",2.87147274956222,1.47692108240913,5.74294549912445,-161
"-160","Negative",-0.686007525822887,NA,-0.686007525822887,-160
"-160","Positive",0.618753623962402,NA,0.618753623962402,-160
"-159","Negative",-1.03969995363536,0.983767650774092,-2.07939990727072,-159
"-159","Positive",1.98778415793803,NA,1.98778415793803,-159
"-158","Negative",-3.45377456278041,NA,-3.45377456278041,-158
"-157","Negative",-0.343966595929055,0.338006607863603,-1.71983297964527,-157
"-157","Positive",0.545436717180387,0.569920550585116,3.81805702026271,-157
"-156","Positive",0.229757319214524,NA,0.229757319214524,-156
"-155","Negative",-0.549599474412773,NA,-0.549599474412773,-155
"-155","Positive",0.406406823932912,0.164657358508381,0.812813647865825,-155
"-154","Negative",-0.0986025078316863,0.0920276155842603,-0.394410031326745,-154
"-154","Positive",0.650630502234348,0.739974073169587,1.95189150670305,-154
"-153","Negative",-0.579338827233684,0.723290346239401,-1.15867765446737,-153
"-153","Positive",0.331658020473345,0.397263300820854,0.994974061420034,-153
"-152","Negative",-0.242796788433862,0.213770191371474,-0.728390365301585,-152
"-152","Positive",1.0140353356435,0.862368786716831,2.02807067128701,-152
"-151","Negative",-0.686057964209941,0.429644893093189,-2.05817389262982,-151
"-151","Positive",0.0338212691504376,0.0229440872260509,0.0676425383008752,-151
"-150","Negative",-0.434847637323233,NA,-0.434847637323233,-150
"-150","Positive",0.890833757610248,0.892157475307287,1.7816675152205,-150
"-149","Negative",-0.561172452544973,0.707896219020618,-1.12234490508995,-149
"-149","Positive",0.850139853757726,0.805095013066973,5.10083912254636,-149
"-148","Negative",-4.1985879387654,NA,-4.1985879387654,-148
"-148","Positive",0.324545091967429,NA,0.324545091967429,-148
"-147","Negative",-0.167070065625012,NA,-0.167070065625012,-147
"-146","Negative",-1.08437014192982,0.36287462275589,-2.16874028385964,-146
"-146","Positive",1.66216565836601,1.03161716882681,3.32433131673203,-146
"-145","Negative",-1.56641938573539,0.391466022538797,-4.69925815720616,-145
"-145","Positive",0.323976725786204,0.287318031869119,0.647953451572409,-145
"-143","Positive",0.364486623378027,NA,0.364486623378027,-143
"-141","Positive",0.428233020722259,0.175028038510014,0.856466041444518,-141
"-140","Negative",-1.20931975712337,1.05075947020779,-8.46523829986359,-140
"-140","Positive",0.332249906485131,0.284625455599676,1.32899962594053,-140
"-139","Negative",-0.682552593386957,0.2999415106155,-2.04765778016087,-139
"-139","Positive",0.0495675531160615,0.0653716156304786,0.0991351062321231,-139
"-137","Negative",-1.86952295910553,NA,-1.86952295910553,-137
"-136","Negative",-0.486932007841361,NA,-0.486932007841361,-136
"-136","Positive",0.385058076737069,0.41479567227803,1.15517423021121,-136
"-135","Negative",-1.19881718919327,1.02604958279514,-21.5787094054789,-135
"-135","Positive",0.803385908343527,0.983660285190837,13.65756044184,-135
"-134","Negative",-2.11657766640164,1.85472433267653,-12.6994659984098,-134
"-134","Positive",1.17236977030363,1.19514344055252,5.86184885151815,-134
"-133","Negative",-1.48261783596188,1.13994507801865,-10.3783248517331,-133
"-133","Positive",0.679221029974457,0.604236702234508,2.03766308992337,-133
"-132","Negative",-1.60527500425204,1.71261974294229,-4.81582501275613,-132
"-132","Positive",0.284690910691498,0.310253959595988,1.13876364276599,-132
"-131","Negative",-1.1993615041266,0.968190516883768,-8.39553052888622,-131
"-130","Negative",-2.0176160082496,1.8695875889084,-12.1056960494976,-130
"-130","Positive",0.549236970814027,0.128034944012575,1.09847394162805,-130
"-129","Negative",-0.54596193035043,0.661440641034483,-5.4596193035043,-129
"-129","Positive",1.7963294216447,2.03545825018669,3.59265884328941,-129
"-128","Negative",-1.57471677817181,1.65021529702254,-4.72415033451543,-128
"-128","Positive",0.445187569011713,0.11028821977377,1.78075027604685,-128
"-127","Negative",-1.05145342647049,1.12016031697225,-10.5145342647049,-127
"-127","Positive",0.975481309683825,1.30916277158876,11.7057757162059,-127
"-126","Negative",-0.171862755358539,0.175188154872646,-0.859313776792696,-126
"-126","Positive",1.06543016442382,0.972556454829465,15.9814524663574,-126
"-125","Negative",-2.09945575548584,1.62944454783285,-6.29836726645751,-125
"-125","Positive",1.36282719517127,0.795369404851207,12.2654447565414,-125
"-124","Negative",-0.160756835641784,NA,-0.160756835641784,-124
"-124","Positive",1.34266232326458,1.14982013685065,25.510584142027,-124
"-123","Negative",-0.68382936887349,0.852129841982744,-2.73531747549396,-123
"-123","Positive",0.983115123909761,0.78284472590879,7.86492099127809,-123
"-122","Negative",-1.84475143726768,1.63659779526773,-5.53425431180305,-122
"-122","Positive",1.29242010173999,1.2489914059337,18.0938814243599,-122
"-121","Negative",-2.0684245292139,1.3450601776394,-22.7526698213529,-121
"-121","Positive",1.72303154892331,1.34593647153272,27.568504782773,-121
"-120","Negative",-1.59697800414667,1.69238969156363,-14.37280203732,-120
"-120","Positive",1.10004811097589,0.878176368946843,12.1005292207348,-120
"-119","Negative",-0.946017525412092,0.971324430993171,-6.62212267788465,-119
"-119","Positive",0.674558251935665,0.544090795573385,6.07102426742099,-119
"-118","Negative",-1.11051862388633,1.8717382561863,-6.66311174331796,-118
"-118","Positive",1.270670304395,1.21903309282748,27.9547466966899,-118
"-117","Negative",-1.45211438034142,1.51074519470547,-20.3296013247799,-117
"-117","Positive",1.34765639453432,1.32773828041623,37.7343790469611,-117
"-116","Negative",-1.16307909538864,1.29642935395194,-9.30463276310915,-116
"-116","Positive",0.9110391064974,0.959796003174152,29.1532514079168,-116
"-115","Negative",-0.21376492052689,0.179592741554398,-1.06882460263445,-115
"-115","Positive",1.21527261165068,1.17354918394982,23.090179621363,-115
"-114","Negative",-0.87955663827351,0.65728629591325,-11.4342362975556,-114
"-114","Positive",1.25248775392621,1.20226882080011,27.5547305863766,-114
"-113","Negative",-0.821710935641189,0.822575841535224,-8.21710935641189,-113
"-113","Positive",0.740605868485745,0.652332393962717,14.8121173697149,-113
"-112","Negative",-1.07839367529719,0.983135815531932,-16.1759051294578,-112
"-112","Positive",0.934590930064179,1.09835157549874,24.2993641816687,-112
"-111","Negative",-1.79087539951907,1.73874165963757,-19.6996293947098,-111
"-111","Positive",1.44674828831675,1.3114766539607,30.3817140546517,-111
"-110","Negative",-1.29738665842499,1.61389711076149,-9.0817066089749,-110
"-110","Positive",1.42174599956686,1.34129301871429,17.0609519948024,-110
"-109","Negative",-0.730648747115049,0.56254914030198,-6.57583872403544,-109
"-109","Positive",0.935081205413011,0.880682150096887,7.48064964330409,-109
"-108","Negative",-2.10785492920964,1.77178355383054,-27.4021140797254,-108
"-108","Positive",1.22603190443598,1.07622201574898,24.5206380887196,-108
"-107","Negative",-1.39540582906505,1.21557306349648,-16.7448699487805,-107
"-107","Positive",1.17667206035704,1.25837206547151,25.8867853278549,-107
"-106","Negative",-2.01803345347434,1.39161084515003,-18.1623010812691,-106
"-106","Positive",1.06597732279036,1.20145129572145,23.4515011013878,-106
"-105","Negative",-1.26572094740388,1.14833910784646,-31.6430236850969,-105
"-105","Positive",0.929323328315743,0.904737226594153,34.3849631476825,-105
"-104","Negative",-1.08487421363687,1.30490607033769,-22.7823584863743,-104
"-104","Positive",1.57488827485283,1.47669960169708,55.1210896198489,-104
"-103","Negative",-1.2451994238614,1.304394549449,-19.9231907817824,-103
"-103","Positive",0.836848089557053,0.865071202574519,30.1265312240539,-103
"-102","Negative",-1.9008396982413,1.13515883328745,-11.4050381894478,-102
"-102","Positive",1.10974903019555,1.08212144974851,37.7314670266488,-102
"-101","Negative",-1.46142048758653,0.970071184035079,-11.6913639006922,-101
"-101","Positive",0.953965755953104,0.662583872142418,11.4475890714373,-101
"-100","Negative",-1.33875910436145,1.02135485688233,-5.35503641744579,-100
"-100","Positive",1.54553671903422,1.42888654468504,13.909830471308,-100
"-99","Negative",-1.26355247153514,1.38110264943712,-22.7439444876325,-99
"-99","Positive",1.36800423304935,1.41851255802601,21.8880677287896,-99
"-98","Negative",-1.96115956699775,1.47319503617615,-27.4562339379685,-98
"-98","Positive",1.09934475464768,1.03930376859982,35.1790321487259,-98
"-97","Negative",-1.35271535602215,1.65150227584728,-21.6434456963545,-97
"-97","Positive",1.39670856624934,1.36793302195113,44.6946741199789,-97
"-96","Negative",-0.765486958390589,0.780269009163867,-9.95133045907766,-96
"-96","Positive",1.2926583466583,1.34856407986316,37.4870920530908,-96
"-95","Negative",-0.741822322759117,0.80428849852595,-8.9018678731094,-95
"-95","Positive",1.48141545245282,1.20212989596551,65.1822799079239,-95
"-94","Negative",-1.6367552436693,1.9227730653723,-8.1837762183465,-94
"-94","Positive",1.40545797849119,1.38640815101603,32.3255335052973,-94
"-93","Negative",-0.160534992451936,0.156344895702328,-0.963209954711618,-93
"-93","Positive",1.3944769969243,1.33170123308207,23.7061089477132,-93
"-92","Negative",-0.274721218313571,0.302300602417154,-1.64832730988143,-92
"-92","Positive",1.56959132323937,1.3284999686884,29.8222351415481,-92
"-91","Negative",-2.0594071244982,1.10015892680285,-8.2376284979928,-91
"-91","Positive",1.64099510580096,1.31725975183999,21.3329363754125,-91
"-90","Negative",-2.3090659263008,3.24574575657855,-4.61813185260161,-90
"-90","Positive",1.40995601633915,1.41022240856239,18.329428212409,-90
"-89","Negative",-1.87521349912755,1.50982022037542,-7.50085399651022,-89
"-89","Positive",0.198733048264528,0.243748142258221,1.19239828958717,-89
"-88","Positive",0.871325805715842,0.740903389704474,5.22795483429505,-88
"-87","Negative",-4.90718149671368,NA,-4.90718149671368,-87
"-87","Positive",1.08599475071315,1.4643985364576,4.3439790028526,-87
"-86","Negative",-3.03657902419443,2.45629973199521,-6.07315804838885,-86
"-86","Positive",1.39070520431889,0.973200405512453,13.9070520431889,-86
"-84","Negative",-1.10031077025422,1.49465123156328,-5.50155385127109,-84
"-84","Positive",2.47676082370854,1.28091351439313,14.8605649422512,-84
"-83","Negative",-1.13384805530411,1.22221591023462,-5.66924027652054,-83
"-83","Positive",1.07436462597199,0.657457976824771,10.7436462597199,-83
"-82","Negative",-0.636815349590457,0.337733305169696,-1.27363069918091,-82
"-82","Positive",0.903058692549907,1.17060246527595,2.70917607764972,-82
"-81","Negative",-2.60058045652178,3.33808037511277,-5.20116091304357,-81
"-81","Positive",0.980381015295808,0.62491184142812,5.88228609177485,-81
"-80","Negative",-0.177874653065791,NA,-0.177874653065791,-80
"-80","Positive",0.916354392231383,NA,0.916354392231383,-80
"-79","Negative",-0.916693839749336,0.777292261196271,-3.66677535899735,-79
"-79","Positive",1.13955746000348,0.953336552238331,2.27911492000697,-79
"-78","Negative",-1.06091153070726,0.941495583345595,-5.30455765353629,-78
"-78","Positive",2.1675780836604,1.46649075091407,17.3406246692832,-78
"-77","Negative",-1.44395828059799,1.52048183492441,-10.1077079641859,-77
"-77","Positive",0.676374147434878,0.63072290955938,4.73461903204415,-77
"-76","Negative",-3.85616037382563,1.89459234834173,-11.5684811214769,-76
"-76","Positive",1.73867461278893,1.55056080494684,17.3867461278893,-76
"-75","Negative",-2.66019278574221,1.20008801351073,-7.98057835722663,-75
"-75","Positive",0.896090692481634,0.6703310467987,3.58436276992654,-75
"-74","Negative",-2.21316675268508,1.99794457617866,-11.0658337634254,-74
"-74","Positive",0.852138805342745,1.13183898823405,3.40855522137098,-74
"-73","Negative",-2.03974972842297,1.63297914959429,-12.2384983705378,-73
"-73","Positive",1.72364485220243,2.50656551698334,5.1709345566073,-73
"-72","Negative",-1.41453597996381,1.32871309545191,-11.3162878397105,-72
"-72","Positive",1.39413135301184,1.19673177728179,6.97065676505922,-72
"-71","Negative",-1.6642145007507,1.66450543265832,-4.99264350225209,-71
"-71","Positive",1.08241028517485,1.76306366219918,6.49446171104908,-71
"-70","Negative",-0.388866870697785,0.509646460221052,-1.16660061209336,-70
"-70","Positive",0.81386721961363,0.885338472159145,2.44160165884089,-70
"-69","Negative",-1.81796109339509,0.310452935659823,-7.27184437358037,-69
"-69","Positive",1.38126362034152,0.766332464914879,9.66884534239061,-69
"-68","Negative",-3.30136825586034,1.05785917473188,-13.2054730234414,-68
"-67","Negative",-1.15918446971647,0.402302838075864,-5.79592234858234,-67
"-67","Positive",0.866949522954925,0.459891709875233,6.06864666068447,-67
"-66","Negative",-1.21777399971552,0.798078617287402,-8.52441799800865,-66
"-66","Positive",1.70603980041141,1.50624409410679,20.4724776049369,-66
"-65","Negative",-1.86740534199846,1.38496767245584,-14.9392427359877,-65
"-65","Positive",0.968294069024645,1.13180881348827,9.68294069024645,-65
"-64","Negative",-1.32214978321102,1.16682069105046,-9.25504848247711,-64
"-64","Positive",1.06292050000764,1.34772123549611,7.44044350005347,-64
"-63","Negative",-1.39521119384428,1.21962078986235,-40.4611246214841,-63
"-63","Positive",1.30250480815208,0.994762117403229,11.7225432733688,-63
"-62","Negative",-1.80089914611295,1.61024127211269,-19.8098906072424,-62
"-62","Positive",1.20760457450168,1.3108217421472,7.24562744701009,-62
"-61","Negative",-1.93069106840164,1.34019211078053,-23.1682928208197,-61
"-61","Positive",1.58253750298556,1.47792136431128,25.320600047769,-61
"-60","Negative",-1.43386325504925,1.42106475531492,-30.1111283560343,-60
"-60","Positive",0.615288954457965,0.602719357169494,3.07644477228983,-60
"-59","Negative",-1.82727340233727,1.27747364504131,-18.2727340233727,-59
"-59","Positive",0.236728956609248,NA,0.236728956609248,-59
"-58","Negative",-1.94232916835538,1.57536553792428,-38.8465833671076,-58
"-58","Positive",1.18178249525673,1.2578271182046,17.726737428851,-58
"-57","Negative",-1.43179409784406,1.30507595819433,-38.6584406417897,-57
"-57","Positive",1.15280577029429,1.0710213898548,13.8336692435314,-57
"-56","Negative",-2.49703625269526,1.37632605183039,-7.49110875808579,-56
"-56","Positive",0.926779041889245,0.553802894250288,1.85355808377849,-56
"-55","Negative",-2.93917063822786,1.1213191368839,-8.81751191468359,-55
"-55","Positive",0.833841761144308,NA,0.833841761144308,-55
"-54","Negative",-0.784072327887574,1.02814879983727,-1.56814465577515,-54
"-54","Positive",1.24666817293884,1.46648092365817,2.49333634587767,-54
"-53","Positive",0.0904674460922479,NA,0.0904674460922479,-53
"-51","Negative",-0.502442965886718,0.279223067067668,-1.00488593177344,-51
"-49","Negative",-0.220824316830944,NA,-0.220824316830944,-49
"-48","Positive",2.87009806611222,NA,2.87009806611222,-48
"-47","Negative",-2.77882374745673,1.45860663860666,-5.55764749491347,-47
"-47","Positive",2.97484419812185,NA,2.97484419812185,-47
"-46","Positive",0.150134256383879,NA,0.150134256383879,-46
"-45","Negative",-0.143777544614252,NA,-0.143777544614252,-45
"-44","Negative",-1.58083400352371,NA,-1.58083400352371,-44
"-43","Negative",-1.67046365737915,NA,-1.67046365737915,-43
"-43","Positive",0.261137811149038,NA,0.261137811149038,-43
"-42","Positive",1.61396341397594,NA,1.61396341397594,-42
"-41","Positive",1.06850281248443,NA,1.06850281248443,-41
"-40","Positive",3.00671238365818,2.76961081404666,6.01342476731636,-40
"-39","Negative",-3.84927839577089,NA,-3.84927839577089,-39
"-39","Positive",0.274191887138863,NA,0.274191887138863,-39
"-38","Negative",-1.69113478385355,1.83984462478204,-3.3822695677071,-38
"-38","Positive",0.162577026769223,NA,0.162577026769223,-38
"-37","Negative",-1.30899647591538,0.914317090570627,-2.61799295183077,-37
"-37","Positive",3.47187393935618,NA,3.47187393935618,-37
"-16","Positive",4.44072589292585,NA,4.44072589292585,-16
"-9","Negative",-0.530661250495426,NA,-0.530661250495426,-9
"-8","Negative",-1.46894490173784,NA,-1.46894490173784,-8
"-8","Positive",0.399778096906599,0.202632784397543,0.799556193813199,-8
"-7","Negative",-4.20870174811362,0.580112133174758,-8.41740349622723,-7
"-6","Negative",-1.85461036862891,1.42297279002685,-5.56383110588672,-6
"-6","Positive",1.79281082702986,1.20864867289494,5.37843248108959,-6
"-5","Negative",-4.0235060435075,NA,-4.0235060435075,-5
"-5","Positive",4.13788634838603,0.490493531423105,12.4136590451581,-5
"-4","Negative",-1.84503638064605,1.18771412742101,-7.38014552258422,-4
"-4","Positive",3.12019293268196,1.34994825758749,18.7211575960917,-4
"-3","Negative",-1.88622337220083,2.19782302945496,-5.65867011660248,-3
"-3","Positive",2.16548799658228,1.03278982101992,19.4893919692405,-3
"-2","Negative",-1.64117146239884,0.338154520549384,-3.28234292479767,-2
"-2","Positive",0.651645662055926,0.736139963850239,1.30329132411185,-2
"-1","Positive",1.46122928832604,1.62035821723893,7.3061464416302,-1
"0","Negative",-1.28314704259237,NA,-1.28314704259237,0
"0","Positive",4.15811726080446,0.968134571238091,8.31623452160893,0
"4","Negative",-3.17323515150282,NA,-3.17323515150282,4
"6","Positive",2.20078609209863,0.655082115306042,4.40157218419726,6
"7","Negative",-3.00180425471599,2.0697097923276,-12.007217018864,7
"7","Positive",3.33600963718114,0.165803359268457,6.67201927436229,7
"8","Positive",1.67386354552046,2.3148813709009,5.02159063656137,8
"9","Positive",2.22408286076077,1.28693974146837,8.89633144304306,9
"10","Negative",-0.782576769674593,NA,-0.782576769674593,10
"10","Positive",0.371695320561244,NA,0.371695320561244,10
"11","Positive",1.38889814593229,1.76371409137877,4.16669443779688,11
"12","Positive",0.223470999101473,0.00349023626200582,0.446941998202947,12
"13","Negative",-3.51319192662651,1.50912277468203,-7.02638385325302,13
"13","Positive",1.487639542034,0.586175918405844,2.97527908406801,13
"14","Negative",-0.2063814709444,NA,-0.2063814709444,14
"14","Positive",1.42329422165366,NA,1.42329422165366,14
"15","Negative",-0.864806062325992,0.815468740135071,-2.59441818697797,15
"16","Positive",0.782438363130908,0.0290233996488505,1.56487672626182,16
"17","Negative",-0.703883760188903,0.730383917685641,-3.51941880094451,17
"17","Positive",1.69120173376137,1.44422157615656,5.07360520128411,17
"18","Negative",-0.729245009151129,0.241985202562323,-1.45849001830226,18
"18","Positive",0.767976740646712,0.237077952489273,1.53595348129342,18
"19","Negative",-0.184578374234213,NA,-0.184578374234213,19
"19","Positive",3.31272614448214,1.43860753922028,13.2509045779286,19
"20","Negative",-1.69746732040382,2.30689347704039,-3.39493464080764,20
"20","Positive",3.48332550287694,NA,3.48332550287694,20
"21","Negative",-4.04889106093747,NA,-4.04889106093747,21
"21","Positive",1.27187492758309,0.95889258147457,6.35937463791545,21
"22","Negative",-2.02453358980183,1.869477594793,-4.04906717960367,22
"22","Positive",2.01206501428505,1.98459337546454,8.0482600571402,22
"23","Negative",-1.28092319529322,1.06839392321916,-5.1236927811729,23
"23","Positive",1.60834064416572,2.16302684931392,3.21668128833145,23
"24","Positive",3.43933583847777,NA,3.43933583847777,24
"25","Negative",-2.03518497250929,0.959919685712441,-10.1759248625465,25
"25","Positive",1.14504661757951,1.25668387071685,6.87027970547707,25
"26","Negative",-1.14619787070369,1.75394794623462,-4.58479148281476,26
"26","Positive",1.81708913390467,1.51894563016073,16.353802205142,26
"27","Negative",-1.33840790296867,0.943295538546951,-10.7072632237494,27
"27","Positive",1.43933307487224,1.20044250792158,21.5899961230837,27
"28","Negative",-1.79076963571278,1.53126724373343,-10.7446178142767,28
"28","Positive",0.9212917109572,0.974576878380954,1.8425834219144,28
"29","Negative",-1.55033412497953,1.53135866175303,-7.75167062489766,29
"29","Positive",2.68281668605945,0.983931066147993,5.36563337211891,29
"30","Negative",-3.04816390117047,1.59951670773392,-24.3853112093637,30
"30","Positive",1.9797789795975,1.3962657757301,19.797789795975,30
"31","Negative",-1.40646438107312,0.0613884976059409,-2.81292876214625,31
"31","Positive",0.799751614500168,1.15706381724679,3.99875807250084,31
"32","Negative",-1.84566030134187,1.19624674784428,-7.38264120536748,32
"32","Positive",1.11406569603162,NA,1.11406569603162,32
"33","Positive",1.54259664048283,1.26996581389843,15.4259664048283,33
"34","Negative",-2.10087032366314,2.47748313406877,-4.20174064732629,34
"34","Positive",2.19044158196097,1.53253479685374,13.1426494917658,34
"35","Negative",-0.0599497308667072,NA,-0.0599497308667072,35
"35","Positive",3.60722601373844,1.86802495700651,7.21445202747689,35
"36","Negative",-2.30018170108989,1.40898582356468,-4.60036340217978,36
"37","Negative",-0.130509725583145,NA,-0.130509725583145,37
"37","Positive",2.1826190070546,1.85329866237206,6.54785702116379,37
"38","Negative",-1.10028769384447,1.00702512234965,-3.30086308153342,38
"38","Positive",1.77763231514922,1.04307731067953,3.55526463029843,38
"39","Negative",-1.13566313895074,0.903564597775759,-2.27132627790147,39
"39","Positive",1.13148378036047,0.768030266347053,3.3944513410814,39
"40","Negative",-2.83314459693843,NA,-2.83314459693843,40
"41","Positive",0.379854114992278,NA,0.379854114992278,41
"42","Negative",-1.05685909399142,NA,-1.05685909399142,42
"42","Positive",3.45465309032494,NA,3.45465309032494,42
"43","Positive",0.189203528718579,NA,0.189203528718579,43
"44","Negative",-2.72725122241881,0.579698618607355,-5.45450244483763,44
"44","Positive",0.800264517466228,NA,0.800264517466228,44
"45","Negative",-1.23578930446485,NA,-1.23578930446485,45
"46","Negative",-1.12226409111401,1.07986051688793,-3.36679227334204,46
"46","Positive",0.549480478229136,0.491447754458928,2.19792191291655,46
"47","Negative",-1.01341962565494,0.688006515883299,-5.0670981282747,47
"47","Positive",1.08005337241915,0.865972987723665,5.40026686209577,47
"48","Negative",-1.27255834919539,1.75020789823323,-3.81767504758617,48
"48","Positive",0.817740405981978,0.732396803491978,4.08870202990989,48
"49","Negative",-0.252523892468121,NA,-0.252523892468121,49
"49","Positive",0.468967787621014,0.607207705542028,1.40690336286304,49
"50","Positive",1.53441432295519,NA,1.53441432295519,50
"51","Positive",1.22996700639966,NA,1.22996700639966,51
"52","Positive",1.11847055794697,NA,1.11847055794697,52
"53","Negative",-1.11801909588155,NA,-1.11801909588155,53
"53","Positive",3.32321715767881,NA,3.32321715767881,53
"54","Negative",-2.60583519373786,NA,-2.60583519373786,54
"55","Negative",-3.86288948419193,NA,-3.86288948419193,55
"56","Positive",0.192809543094119,NA,0.192809543094119,56
"58","Positive",0.16514438298195,NA,0.16514438298195,58
"59","Negative",-0.306937920836567,0.293298762526664,-0.613875841673134,59
"59","Positive",0.637885230748588,0.879324655938006,1.27577046149718,59
"61","Positive",1.14556831298205,0.622355119161719,4.5822732519282,61
"62","Negative",-1.35576741849813,1.60746467419611,-14.9134416034794,62
"62","Positive",1.63143300131398,1.56469039029717,14.6828970118258,62
"63","Negative",-1.529245678366,1.63053087117738,-12.233965426928,63
"63","Positive",1.06311034655908,0.839481404795642,3.18933103967724,63
"64","Positive",1.16878984435777,1.03715572461375,4.6751593774311,64
"65","Negative",-3.01201643652313,0.496864907877988,-6.02403287304625,65
"65","Positive",2.92712809023576,0.949187029285116,5.85425618047152,65
"66","Negative",-4.78025903296176,NA,-4.78025903296176,66
"66","Positive",1.19864666336339,NA,1.19864666336339,66
"67","Negative",-0.462963202202825,0.56785132912108,-1.38888960660848,67
"67","Positive",1.63054386286162,1.16753990286531,6.52217545144648,67
"68","Negative",-0.677215359498383,0.602229067990938,-2.03164607849515,68
"68","Positive",2.17286054398626,1.63532260435169,10.8643027199313,68
"69","Negative",-1.7561090577084,0.112457280231946,-3.51221811541679,69
"69","Positive",0.986297595097605,0.958611538372885,6.90408316568324,69
"70","Negative",-2.38350472998611,1.7036534013573,-11.9175236499305,70
"70","Positive",2.30050045800204,1.48131991722445,9.20200183200815,70
"71","Negative",-2.69258572994134,1.95628418504668,-5.38517145988269,71
"71","Positive",2.11671471146188,1.66225719422667,10.5835735573094,71
"72","Negative",-1.66478285289414,1.67927480256874,-3.32956570578827,72
"72","Positive",2.83569194979175,1.07536491377818,8.50707584937526,72
"73","Negative",-1.07210936272274,0.166300664120726,-3.21632808816822,73
"73","Positive",2.02106818410807,1.69151444175844,20.2106818410807,73
"74","Negative",-2.9056848165034,0.972911718930554,-5.81136963300679,74
"74","Positive",2.61005469302734,1.2811258357271,31.3206563163281,74
"75","Negative",-2.33039790544518,1.62057823392583,-32.6255706762325,75
"75","Positive",1.45047663034813,0.995921509140533,17.4057195641776,75
"76","Negative",-2.14342187260746,1.63595883855728,-30.0079062165044,76
"76","Positive",1.97097524473095,1.49085681933121,43.361455384081,76
"77","Negative",-1.14258158575233,1.12220896304957,-19.4238869577897,77
"77","Positive",1.60513940223607,1.29017998974029,27.2873698380132,77
"78","Negative",-1.68062458320215,1.33308500052748,-11.7643720824151,78
"78","Positive",1.52641112385037,1.21437143779288,29.0018113531571,78
"79","Positive",1.34498151224938,0.974577280375014,10.759852097995,79
"80","Negative",-3.13273390173254,1.31512028815672,-9.39820170519762,80
"80","Positive",1.95610682501122,1.39624781342947,21.5171750751235,80
"81","Negative",-0.652153074279494,0.755829040305636,-2.60861229711798,81
"81","Positive",2.19890875198606,1.47264245109799,17.5912700158884,81
"82","Negative",-2.08959320093633,1.93684241075029,-4.17918640187267,82
"82","Positive",2.58225207992531,1.34929868738381,10.3290083197012,82
"83","Negative",-0.532121196263615,0.128492389724475,-1.06424239252723,83
"83","Positive",3.13163779834541,1.09672895047274,9.39491339503622,83
"84","Negative",-4.79743581239869,NA,-4.79743581239869,84
"84","Positive",3.04421203076453,2.66283041432066,6.08842406152905,84
"85","Positive",0.806643395141603,1.06765137057683,2.41993018542481,85
"86","Negative",-0.388221101818928,NA,-0.388221101818928,86
"86","Positive",0.354273727646311,0.257890809604369,0.708547455292622,86
"87","Positive",0.000231371259136637,NA,0.000231371259136637,87
"88","Positive",0.94273536975648,0.463230371623909,1.88547073951296,88
"89","Positive",2.62626419867669,NA,2.62626419867669,89
"90","Negative",-2.88435558559719,2.64619005118873,-5.76871117119437,90
"90","Positive",1.00190057875707,0.652469844721123,2.00380115751414,90
"92","Positive",1.29683019128131,1.29489303778895,2.59366038256261,92
"93","Negative",-0.128781718210805,NA,-0.128781718210805,93
"93","Positive",1.34769676453576,0.631322771481408,2.69539352907152,93
"94","Positive",4.4408894409368,NA,4.4408894409368,94
"96","Positive",1.40004144336773,NA,1.40004144336773,96
"97","Negative",-4.98779481685966,NA,-4.98779481685966,97
"98","Negative",-2.68157623782269,NA,-2.68157623782269,98
"100","Positive",0.379628486868714,NA,0.379628486868714,100
"103","Positive",3.22079407123965,NA,3.22079407123965,103
"105","Positive",4.15034357163307,NA,4.15034357163307,105
"108","Positive",2.75946353937124,NA,2.75946353937124,108
"110","Negative",-2.07666133430288,NA,-2.07666133430288,110
"112","Negative",-1.31066318721423,NA,-1.31066318721423,112
"112","Positive",0.738262260953583,NA,0.738262260953583,112
"113","Positive",1.6274156886628,NA,1.6274156886628,113
"114","Negative",-2.38628246166087,NA,-2.38628246166087,114
"115","Negative",-0.643797542903521,NA,-0.643797542903521,115
"116","Negative",-2.4459233845874,1.01070054284071,-7.33777015376219,116
"116","Positive",3.13750193024773,1.08243162188193,15.6875096512386,116
"117","Negative",-0.444807040396005,NA,-0.444807040396005,117
"117","Positive",1.23378220838204,1.44485687649034,2.46756441676409,117
"118","Negative",-1.30937387444407,1.63256442826575,-3.92812162333221,118
"118","Positive",1.22996924019882,1.14957258716767,4.91987696079526,118
"119","Negative",-1.77199877131016,1.76621149976529,-7.08799508524062,119
"120","Positive",2.52879619624653,0.17190332306345,7.58638858873959,120
"121","Negative",-1.62365915894988,1.29508319690591,-3.24731831789976,121
"121","Positive",2.4070711027086,2.18494488253934,7.22121330812579,121
"122","Negative",-2.05579300357617,2.27762355797719,-4.11158600715234,122
"122","Positive",2.37796243168443,2.4442586479675,4.75592486336886,122
"123","Negative",-0.780787072165214,0.594160570813483,-2.34236121649564,123
"123","Positive",0.493271501808115,0.161706981195228,0.98654300361623,123
"124","Negative",-1.56794627396186,1.39145246887657,-7.8397313698093,124
"124","Positive",1.61770904301966,0.948613841240327,4.85312712905897,124
"125","Positive",2.23825823377401,2.74942472803518,4.47651646754802,125
"126","Positive",1.53223621251121,0.302107260697779,4.59670863753364,126
"127","Positive",2.0797406989448,1.70969061835108,4.1594813978896,127
"129","Positive",2.35154585761408,NA,2.35154585761408,129
"131","Negative",-0.679976810510233,NA,-0.679976810510233,131
"131","Positive",2.97265063159,NA,2.97265063159,131
"132","Negative",-1.14823180067128,NA,-1.14823180067128,132
"135","Negative",-1.3994811713922,1.41452100169337,-2.7989623427844,135
"136","Positive",1.13559309609186,0.0990904680140309,2.27118619218372,136
"137","Positive",1.88639594859927,0.648875851174419,3.77279189719855,137
"138","Negative",-0.0889981022114475,0.093591300216219,-0.177996204422895,138
"138","Positive",1.57048821170413,0.975433705559587,4.71146463511238,138
"139","Negative",-3.41199098023724,NA,-3.41199098023724,139
"139","Positive",0.455498463879977,NA,0.455498463879977,139
"140","Negative",-0.01582206800146,NA,-0.01582206800146,140
"140","Positive",0.00559957646039433,NA,0.00559957646039433,140
"141","Negative",-3.79690832379221,NA,-3.79690832379221,141
"142","Positive",1.84573720159035,2.0418745210556,7.38294880636139,142
"143","Negative",-1.05742741529209,1.47912191153201,-3.17228224587627,143
"143","Positive",2.60745698181807,0.539893172293209,5.21491396363613,143
"144","Negative",-0.906195998818041,0.545938092708173,-1.81239199763608,144
"144","Positive",1.19018848395457,0.751892928569252,3.57056545186371,144
"145","Negative",-1.3564106589252,0.503367134445799,-2.71282131785041,145
"145","Positive",1.4670669180566,1.5021815331765,2.93413383611321,145
"146","Negative",-1.89456294192155,NA,-1.89456294192155,146
"146","Positive",1.98308647567412,1.62470336468551,11.8985188540447,146
"147","Negative",-3.22923466615398,2.09695376072513,-6.45846933230797,147
"147","Positive",4.70064311218262,NA,4.70064311218262,147
"148","Negative",-1.53501254782385,NA,-1.53501254782385,148
"149","Positive",3.38616672947986,1.18115062840497,13.5446669179194,149
"151","Positive",3.02249692975965,2.49775420220416,9.06749078927894,151
"152","Negative",-2.12944194856842,1.71419829174065,-6.38832584570527,152
"152","Positive",2.59358582730992,2.45690310292508,5.18717165461984,152
"153","Positive",0.724622625987813,0.807407864136432,1.44924525197563,153
"-180","Negative",NA,NA,NA,-180
"-179","Negative",NA,NA,NA,-179
"-178","Negative",NA,NA,NA,-178
"-177","Negative",NA,NA,NA,-177
"-176","Negative",NA,NA,NA,-176
"-175","Negative",NA,NA,NA,-175
"-174","Negative",NA,NA,NA,-174
"-173","Negative",NA,NA,NA,-173
"-172","Negative",NA,NA,NA,-172
"-171","Negative",NA,NA,NA,-171
"-170","Negative",NA,NA,NA,-170
"-169","Negative",NA,NA,NA,-169
"-168","Negative",NA,NA,NA,-168
"-167","Negative",NA,NA,NA,-167
"-144","Negative",NA,NA,NA,-144
"-142","Negative",NA,NA,NA,-142
"-138","Negative",NA,NA,NA,-138
"-85","Negative",NA,NA,NA,-85
"-52","Negative",NA,NA,NA,-52
"-50","Negative",NA,NA,NA,-50
"-36","Negative",NA,NA,NA,-36
"-35","Negative",NA,NA,NA,-35
"-34","Negative",NA,NA,NA,-34
"-33","Negative",NA,NA,NA,-33
"-32","Negative",NA,NA,NA,-32
"-31","Negative",NA,NA,NA,-31
"-30","Negative",NA,NA,NA,-30
"-29","Negative",NA,NA,NA,-29
"-28","Negative",NA,NA,NA,-28
"-27","Negative",NA,NA,NA,-27
"-26","Negative",NA,NA,NA,-26
"-25","Negative",NA,NA,NA,-25
"-24","Negative",NA,NA,NA,-24
"-23","Negative",NA,NA,NA,-23
"-22","Negative",NA,NA,NA,-22
"-21","Negative",NA,NA,NA,-21
"-20","Negative",NA,NA,NA,-20
"-19","Negative",NA,NA,NA,-19
"-18","Negative",NA,NA,NA,-18
"-17","Negative",NA,NA,NA,-17
"-15","Negative",NA,NA,NA,-15
"-14","Negative",NA,NA,NA,-14
"-13","Negative",NA,NA,NA,-13
"-12","Negative",NA,NA,NA,-12
"-11","Negative",NA,NA,NA,-11
"-10","Negative",NA,NA,NA,-10
"1","Negative",NA,NA,NA,1
"2","Negative",NA,NA,NA,2
"3","Negative",NA,NA,NA,3
"5","Negative",NA,NA,NA,5
"57","Negative",NA,NA,NA,57
"60","Negative",NA,NA,NA,60
"91","Negative",NA,NA,NA,91
"95","Negative",NA,NA,NA,95
"99","Negative",NA,NA,NA,99
"101","Negative",NA,NA,NA,101
"102","Negative",NA,NA,NA,102
"104","Negative",NA,NA,NA,104
"106","Negative",NA,NA,NA,106
"107","Negative",NA,NA,NA,107
"109","Negative",NA,NA,NA,109
"111","Negative",NA,NA,NA,111
"128","Negative",NA,NA,NA,128
"130","Negative",NA,NA,NA,130
"133","Negative",NA,NA,NA,133
"134","Negative",NA,NA,NA,134
"150","Negative",NA,NA,NA,150
"154","Negative",NA,NA,NA,154
"155","Negative",NA,NA,NA,155
"156","Negative",NA,NA,NA,156
"157","Negative",NA,NA,NA,157
"158","Negative",NA,NA,NA,158
"159","Negative",NA,NA,NA,159
"160","Negative",NA,NA,NA,160
"161","Negative",NA,NA,NA,161
"162","Negative",NA,NA,NA,162
"163","Negative",NA,NA,NA,163
"164","Negative",NA,NA,NA,164
"165","Negative",NA,NA,NA,165
"166","Negative",NA,NA,NA,166
"167","Negative",NA,NA,NA,167
"168","Negative",NA,NA,NA,168
"169","Negative",NA,NA,NA,169
"170","Negative",NA,NA,NA,170
"171","Negative",NA,NA,NA,171
"172","Negative",NA,NA,NA,172
"173","Negative",NA,NA,NA,173
"174","Negative",NA,NA,NA,174
"175","Negative",NA,NA,NA,175
"176","Negative",NA,NA,NA,176
"177","Negative",NA,NA,NA,177
"178","Negative",NA,NA,NA,178
"179","Negative",NA,NA,NA,179
"180","Negative",NA,NA,NA,180
"-180","Positive",NA,NA,NA,-180
"-179","Positive",NA,NA,NA,-179
"-178","Positive",NA,NA,NA,-178
"-177","Positive",NA,NA,NA,-177
"-176","Positive",NA,NA,NA,-176
"-175","Positive",NA,NA,NA,-175
"-174","Positive",NA,NA,NA,-174
"-173","Positive",NA,NA,NA,-173
"-172","Positive",NA,NA,NA,-172
"-171","Positive",NA,NA,NA,-171
"-170","Positive",NA,NA,NA,-170
"-169","Positive",NA,NA,NA,-169
"-168","Positive",NA,NA,NA,-168
"-167","Positive",NA,NA,NA,-167
"-144","Positive",NA,NA,NA,-144
"-142","Positive",NA,NA,NA,-142
"-138","Positive",NA,NA,NA,-138
"-85","Positive",NA,NA,NA,-85
"-52","Positive",NA,NA,NA,-52
"-50","Positive",NA,NA,NA,-50
"-36","Positive",NA,NA,NA,-36
"-35","Positive",NA,NA,NA,-35
"-34","Positive",NA,NA,NA,-34
"-33","Positive",NA,NA,NA,-33
"-32","Positive",NA,NA,NA,-32
"-31","Positive",NA,NA,NA,-31
"-30","Positive",NA,NA,NA,-30
"-29","Positive",NA,NA,NA,-29
"-28","Positive",NA,NA,NA,-28
"-27","Positive",NA,NA,NA,-27
"-26","Positive",NA,NA,NA,-26
"-25","Positive",NA,NA,NA,-25
"-24","Positive",NA,NA,NA,-24
"-23","Positive",NA,NA,NA,-23
"-22","Positive",NA,NA,NA,-22
"-21","Positive",NA,NA,NA,-21
"-20","Positive",NA,NA,NA,-20
"-19","Positive",NA,NA,NA,-19
"-18","Positive",NA,NA,NA,-18
"-17","Positive",NA,NA,NA,-17
"-15","Positive",NA,NA,NA,-15
"-14","Positive",NA,NA,NA,-14
"-13","Positive",NA,NA,NA,-13
"-12","Positive",NA,NA,NA,-12
"-11","Positive",NA,NA,NA,-11
"-10","Positive",NA,NA,NA,-10
"1","Positive",NA,NA,NA,1
"2","Positive",NA,NA,NA,2
"3","Positive",NA,NA,NA,3
"5","Positive",NA,NA,NA,5
"57","Positive",NA,NA,NA,57
"60","Positive",NA,NA,NA,60
"91","Positive",NA,NA,NA,91
"95","Positive",NA,NA,NA,95
"99","Positive",NA,NA,NA,99
"101","Positive",NA,NA,NA,101
"102","Positive",NA,NA,NA,102
"104","Positive",NA,NA,NA,104
"106","Positive",NA,NA,NA,106
"107","Positive",NA,NA,NA,107
"109","Positive",NA,NA,NA,109
"111","Positive",NA,NA,NA,111
"128","Positive",NA,NA,NA,128
"130","Positive",NA,NA,NA,130
"133","Positive",NA,NA,NA,133
"134","Positive",NA,NA,NA,134
"150","Positive",NA,NA,NA,150
"154","Positive",NA,NA,NA,154
"155","Positive",NA,NA,NA,155
"156","Positive",NA,NA,NA,156
"157","Positive",NA,NA,NA,157
"158","Positive",NA,NA,NA,158
"159","Positive",NA,NA,NA,159
"160","Positive",NA,NA,NA,160
"161","Positive",NA,NA,NA,161
"162","Positive",NA,NA,NA,162
"163","Positive",NA,NA,NA,163
"164","Positive",NA,NA,NA,164
"165","Positive",NA,NA,NA,165
"166","Positive",NA,NA,NA,166
"167","Positive",NA,NA,NA,167
"168","Positive",NA,NA,NA,168
"169","Positive",NA,NA,NA,169
"170","Positive",NA,NA,NA,170
"171","Positive",NA,NA,NA,171
"172","Positive",NA,NA,NA,172
"173","Positive",NA,NA,NA,173
"174","Positive",NA,NA,NA,174
"175","Positive",NA,NA,NA,175
"176","Positive",NA,NA,NA,176
"177","Positive",NA,NA,NA,177
"178","Positive",NA,NA,NA,178
"179","Positive",NA,NA,NA,179
"180","Positive",NA,NA,NA,180
