"site_no","Hylak_id","level_long_term_mean","level_long_term_mean_smooth","level_long_term_median","level_long_term_sd","level_2024_mean","level_2024_mean_smooth","level_2024_median","level_2024_sd","level_anomaly","level_anomaly_smooth","Lake_name","Country","Continent","Poly_src","Lake_type","Grand_id","Lake_area","Shore_len","Shore_dev","Vol_total","Vol_res","Vol_src","Depth_avg","Dis_avg","Res_time","Elevation","Slope_100","Wshd_area","Pour_long","Pour_lat","ID","HYBAS_ID"
"000003",569,257.64144486692,257.644347275032,257.65,0.471250567668148,258.014705882353,258.005294117647,258.005,0.11791715875133,0.373261015432774,0.360946842615363,"Talbot","Canada","North America","CanVec",1,0,184.36,132.23,2.75,1628.87,0,3,8.8,0.224,84163.4,255,1.51,429.4,-99.817708,54.151176,569,7020021430
"000012",4,217.594940828402,217.6066765286,217.67,0.442626267058266,217.395142857143,217.385142857143,217.33,0.273284719322407,-0.1997979712595,-0.22153367145674,"Winnipeg","Canada","North America","CanVec",3,709,23923.04,4018.32,7.33,284000,31790,1,11.9,2244.727,1464.3,215,-1,919611.5,-97.863542,53.696359,4,7020021430
"000021",857,1.29390134529148,1.29385650224215,1.27,0.188961539225766,1.22771428571429,1.24942857142857,1.19,0.187414069945256,-0.0661870595771941,-0.0444279308135811,"Windsor","The Bahamas","North America","SWBD",1,0,162.38,146.73,3.25,250.04,0,3,1.5,5.464,529.7,2,0.34,550.4,-73.652083,21.034985,857,7020065090
"000022",100,33.3516096579477,33.3570020120724,33.38,0.293748946641267,33.4728571428571,33.4705714285714,33.41,0.275687071413474,0.12124748490946,0.11356941649899,"Onega","Russia","Europe","Other",3,4356,9961.85,2413.79,6.82,262000,17500,1,26.3,616.51,4918.7,13,-1,59064.3,34.161458,60.919873,100,2020024230
"000026",105,44.6593711340206,44.6616701030928,44.64,0.25704504107075,44.9085714285714,44.9205714285714,44.92,0.187916484221094,0.24920029455081,0.258901325478647,"Vanern","Sweden","Europe","Other",3,3187,5486.23,2276.5,8.67,153000,9500,1,27.9,523.118,3385.2,44,-1,48421,12.368581,58.368979,105,2020024230
"000034",924,3810.61636781609,3810.63216091954,3810.6,0.687136013658105,3809.54914285714,3809.57971428571,3809.53,0.488649829082338,-1.06722495894928,-1.05244663382564,"Arapa","Peru","South America","SWBD",1,0,101.9,85.71,2.4,2142.82,0,3,21,4.077,6083.2,3812,3.68,478.9,-69.923958,-15.192741,924,6020021870
"000042",53,247.472537313433,247.480884861407,247.49,0.380656010162198,247.270833333333,247.305555555556,247.36,0.263290985142184,-0.201703980099495,-0.175329305851704,"Manitoba","Canada","North America","CanVec",1,0,4751.05,2110.76,8.64,16942,0,1,3.6,168.578,1163.2,245,-1,79354.2,-98.728778,51.587865,53,7020021430
"000051",79,3687.56335676626,3687.56333919156,3687.67,0.233507730428366,3687.72514285714,3687.71457142857,3687.7,0.062373232785177,0.161786090885926,0.151232237007662,"Poopo","Bolivia","South America","SWBD",1,0,2247.91,526.3,3.13,3415,0,1,1.5,685.169,57.7,3694,-1,102962.8,-67.015625,-19.1593,79,6020021870
"000053",968,2.86280973451327,2.85722345132743,2.73,0.827347268728407,2.63529411764706,2.60764705882353,2.54,0.561017664574253,-0.227515616866215,-0.249576392503904,"Lagoa Mangueira","Brazil","South America","SWBD",1,0,763.41,352.19,3.6,1984.86,0,1,2.6,28.193,814.8,0,-1,1841.9,-53.07479,-33.491959,968,6020014330
"000054",951,0.562805662805663,0.555366795366795,0.58,0.266325424085428,0.677777777777778,0.679166666666667,0.685,0.145250741057586,0.114972114972115,0.123799871299871,"Araruama","Brazil","South America","SWBD",1,0,237.58,200.23,3.66,1274.09,0,3,5.4,11.983,1230.6,2,0.92,606.2,-42.155208,-22.942295,951,6020008320
"000068",15,281.282676224612,281.281636798088,281.25,0.525364541080728,281.594166666667,281.591388888889,281.53,0.603643106479321,0.311490442055003,0.309752090800487,"Chad","Chad","Africa","Other",1,0,18751.52,817,1.68,2400,0,1,0.1,1085.078,25.6,282,-1,980211.9,14.527083,13.077083,15,1020040190
"000081",1626,628.812473763118,628.821589205397,628.89,0.860580168062189,627.323888888889,627.350833333333,627.61,0.637160117924079,-1.48858487422956,-1.47075587206405,"Chiuta","Mozambique","Africa","SWBD",1,0,143.85,182.04,4.28,560.75,0,3,3.9,48.592,133.6,628,0.78,4341.1,35.934375,-14.349293,1626,1020000010
"000082",166,802.429772727273,802.439671717172,802.115,1.19510461596401,807.075428571429,807.082,807.21,0.630934614199412,4.64565584415584,4.64232828282832,"Rukwa","United Republic of Tanzania","Africa","SWBD",1,0,5894.78,590.11,2.17,20631.73,0,1,3.5,520.273,459,801,-1,79610.1,32.202083,-7.914583,166,1020000010
"000091",1591,1885.75284253579,1885.73985685072,1885.88,1.29951831308984,1887.88176470588,1887.82441176471,1887.91,0.61056591031419,2.12892217009494,2.08455491399013,"Naivasha","Kenya","Africa","SWBD",1,0,128.23,62.03,1.55,1739.63,0,3,13.6,12.219,1647.8,1881,2.38,3253,36.347917,-0.76875,1591,1020000010
"000093",158,363.266531007752,363.269379844961,363.44,1.1569671635212,368.295428571429,368.304285714286,368.39,0.524798800982436,5.02889756367665,5.03490586932446,"Turkana","Kenya","Africa","SWBD",1,0,7473.43,1024.85,3.34,238000,0,1,31.8,1198.172,2299,361,-1,149328.6,36.14375,3.372917,158,1020000010
"000107",1343,1122.35272616137,1122.36196821516,1122.32,0.672127207043544,1121.77810810811,1121.77324324324,1121.84,0.409856599840021,-0.57461805326102,-0.588724971915553,"Beysehir","Turkey","Asia","SWBD",1,0,626.91,240.31,2.71,4159,0,1,6.6,23.837,2019.4,1122,-1,4092.2,31.717708,37.679973,1343,2020003440
"000115",142,1273.07824675325,1273.08375324675,1271.73,2.4576573717626,1270.92647058824,1270.93823529412,1270.9,0.121203119095313,-2.15177616501137,-2.1455179526356,"Urmia","Iran","Asia","Other",1,0,4932.76,865.66,3.48,1800,0,1,0.4,232.047,89.8,1267,-1,52200.3,45.372917,37.70625,142,2020065840
"000118",20,33.7475492610837,33.7406527093596,33.71,0.588610375287318,33.9355882352941,33.9329411764706,33.795,0.343953759898488,0.188038974210379,0.192288467110977,"Netilling","Canada","North America","CanVec",1,0,4872.7,7167.81,28.97,114000,0,1,23.4,655.623,2012.5,18,-1,63399.7,-71.413041,66.56381,20,8020032840
"000121",1400,4245.50125,4245.50097826087,4245.7,0.797681628800883,4246.21028571429,4246.22828571429,4246.24,0.185162658449347,0.709035714285164,0.72730745341596,"Pangong","India","Asia","SWBD",1,0,285.46,206.97,3.46,24911.16,0,3,87.3,10.121,28487.7,4241,10.02,27103,78.427167,33.961051,1400,4020024190
"000141",1452,4569.69004504504,4569.70552552553,4569.23,1.5568501546337,4566.24647058823,4566.29647058824,4566.3,0.246562824410814,-3.44357445680998,-3.40905493729042,"La-ang","China","Asia","SWBD",1,0,261.27,143.66,2.51,8482.36,0,3,32.5,46.34,2118.6,4570,4.32,6584.7,81.226042,30.846343,1452,4020024190
"000152",1449,4615.29745937962,4615.31358936485,4615.26,1.42324491219126,4617.30647058824,4617.43,4617.385,0.467552507846551,2.00901120861909,2.11641063515526,"Zhari Namco","China","Asia","SWBD",1,0,958.1,244.88,2.23,23952.43,0,1,25,73.435,3775.1,4612,-1,20080.1,85.639583,30.947917,1449,4020050470
"000156",1447,4688.82931216931,4688.87739417989,4690.085,3.13700051665508,4691.28235294118,4691.34176470588,4691.245,0.33730715095,2.45304077186393,2.46437052598776,"Ang-tzu","China","Asia","SWBD",1,0,389.33,109.32,1.56,3376.32,0,3,8.7,8.834,4423.6,4685,1.25,7132.4,87.152083,31.04375,1447,4020050470
"000166",1427,4553.67932038835,4553.66436893204,4553.72,0.547126369224838,4554.02257142857,4554.05114285714,4554.04,0.160959309018374,0.34325104022173,0.386773925103626,"Dogen","China","Asia","SWBD",1,0,134.17,70.71,1.72,1594.3,0,3,11.9,0.204,90453.6,4551,2.1,1209.4,91.177083,31.727083,1427,4020050470
"000171",1404,4937.17004694836,4937.18491392801,4937.53,2.5379585687816,4943.84647058824,4943.89558823529,4943.6,0.431648582887483,6.67642363987852,6.71067430728181,"Migriggyangzham","China","Asia","SWBD",1,0,472.55,205.96,2.67,12166.12,0,3,25.7,17.266,8155.4,4935,3.08,9891.8,90.35625,33.477083,1404,4020050470
"000177",14959,5195.92978461538,5195.94110769231,5195.96,0.407644865271674,5195.80486486486,5195.82216216216,5195.88,0.301243917611415,-0.124919750520348,-0.118945530145538,"Orba","China","Asia","SWBD",1,0,91.22,86.88,2.57,1963.82,0,3,21.5,0.034,668512.8,5194,4.36,523.3,81.085409,34.572924,14959,4020050470
"000189",1389,4822.12691099476,4822.14178010471,4822.52,1.98852505712613,4825.51764705882,4825.50764705882,4825.445,0.292896287607307,3.39073606405964,3.36586695411188,"Dogai Coring","China","Asia","SWBD",1,0,268.13,159.24,2.74,6029.7,0,3,22.5,0,-1,4818,3.12,7618.7,88.997917,34.547917,1389,4020050470
"000203",913068,253.213258064516,253.213741935484,253.27,0.563160224247893,253.044,253.056,253.06,0.266305883392408,-0.169258064516129,-0.15774193548387,NA,"Canada","North America","CanVec",1,0,0.13,1.55,1.22,0.31,0,3,2.4,0,-1,259,1.33,0.3,-99.988392,51.928741,913068,7020021430
"000208",1273,251.202387218045,251.203515037594,251.19,0.251424821998379,250.780952380952,250.779523809524,250.84,0.19307782788049,-0.421434837092733,-0.42399122807015,"Manas","China","Asia","SWBD",1,0,263.88,118.89,2.06,1198.39,0,3,4.5,115.269,120.3,244,0.78,81711.2,85.96875,45.810417,1273,4020050290
"000221",103,30.130740354536,30.1335870698644,30.1,0.404461257113102,30.2172972972973,30.2178378378378,30.22,0.334262443869157,0.0865569427613231,0.0842507679733941,"Peipsi","Russia","Europe","SWBD",1,0,3489,732.11,3.5,25070,0,1,7.2,337.098,860.8,28,-1,47673.7,27.73114,58.985292,103,2020024230
"000222",58,259.799851380042,259.814416135881,259.82,0.328912450023163,259.561176470588,259.57,259.56,0.303801816439623,-0.238674909454232,-0.244416135881124,"Nipigon","Canada","North America","CanVec",3,1402,4505.95,2293.45,9.64,247827.3,12360,1,55,356.846,8038.1,258,-1,24626.2,-88.309371,49.307873,58,7020024600
"000223",107,100.728479355488,100.730322255791,100.86,1.04757477398201,100.404285714286,100.396285714286,99.94,1.13030262921637,-0.324193641202712,-0.33403654150483,"Rybinsk Reservoir","Russia","Europe","SWBD",2,4360,4042.34,1924.4,8.54,25400,25400,2,6.3,993.57,295.9,97,-1,150073.6,38.702039,58.102088,107,2020065840
"000224",134,69.6850708833152,69.7308069792803,69.73,0.850822566537757,70.5323529411765,70.5988235294118,70.755,0.456316336471182,0.847282057861307,0.8680165501315,"Khanka","Russia","Europe","SWBD",1,0,4118.84,372.31,1.64,18100,0,1,4.4,90.349,2318.7,64,-1,17049.4,132.842228,45.053456,134,4020000010
"000231",1179,110.228405797101,110.230197628458,110.19,0.425178173135617,110.855161290323,110.870322580645,110.91,0.200081166325768,0.62675549322114,0.640124952186667,"Saitlan","Russia","Europe","SWBD",1,0,226.52,77.2,1.45,771.44,0,3,3.4,4.469,1997.9,103,0.63,2602,78.564583,54.972917,1179,3020000010
"000232",114,107.137980652963,107.118089480048,107.08,0.511074839089798,107.414571428571,107.374857142857,107.43,0.2972060372392,0.276590775608923,0.25676766280877,"Chany","Russia","Europe","Other",1,0,1966.57,1243.38,7.91,4130,0,1,2.1,47.674,1002.7,101,-1,25548.3,76.885417,54.797917,114,3020000010
"000234",1254,350.467947494033,350.476121718377,350.5,0.386039024790984,350.65696969697,350.674848484848,350.68,0.167658224680535,0.189022202936314,0.198726766471395,"Sasykkol","Kazakhstan","Asia","SWBD",1,0,744.83,200.82,2.08,2400,0,1,3.2,25.342,1096.1,348,-1,19020.6,81.229451,46.577135,1254,4020050220
"000236",38,335.917042682927,335.929603658537,336.12,0.643590745756743,335.216857142857,335.225142857143,335.25,0.316225640108743,-0.700185540069697,-0.70446080139368,"Reindeer","Canada","North America","Other",3,706,5435.48,9267.45,35.46,92403.16,14860,1,17,355.998,3004.2,335,-1,62727.5,-103.149606,56.234185,38,7020021430
"000244",26,234.175405701754,234.191940789474,234.3,0.693712589513843,234.727777777778,234.733055555556,234.81,0.424224409017619,0.552372076023403,0.541114766081876,"Dubawnt","Canada","North America","CanVec",1,0,3583.21,2557.78,12.05,91327.16,0,1,25.5,290.868,3634,218,-1,54612.5,-100.699367,63.570114,26,8020010700
"000252",51,255.475806805708,255.496487376509,255.75,0.871021493280062,256.067142857143,256.088,256.13,0.276677465956424,0.591336051434865,0.591512623490701,"Cedar","Canada","North America","Other",2,712,2504.26,1897.91,10.7,9643.5,9643.5,2,3.9,594.272,187.8,253,-1,331739,-99.289952,53.160069,51,7020021430
"000253",1166,64.4198331015299,64.4207232267038,64.35,0.406327015364838,64.3594117647059,64.3476470588235,64.295,0.242023554782419,-0.060421336824021,-0.073076167880231,"Bolshoy Uvat","Russia","Europe","SWBD",1,0,190.09,67.68,1.38,759.66,0,3,4,1.274,6901.4,59,0.75,516.4,70.676806,57.567845,1166,3020000010
"000254",49,468.344020100503,468.346314907873,468.44,1.42407850327428,468.456551724138,468.478620689655,468.75,0.928398297615186,0.112531623635391,0.13230578178252,"Michikamau","Canada","North America","Other",2,2000,5814.1,9174.21,33.94,32320,32320,2,5.6,892.163,419.3,466,-1,45495.1,-64.261491,53.648792,49,7020024600
"000258",31,12.5727260458839,12.591632928475,12.57,0.444613852180097,12.5894444444444,12.5975,12.5,0.477397375326105,0.0167183985605028,0.00586707152496579,"Iliamna","United States of America","North America","NHD",1,0,2634.62,1006.79,5.53,115310,0,1,43.8,354.811,3761.5,13,-1,16869.4,-155.884538,59.331889,31,8020000010
"000264",23,111.327803881512,111.334392236977,111.42,0.698528235398928,111.828333333333,111.821944444444,111.755,0.448346167279576,0.500529451821592,0.487552207467928,"Amadjuak","Canada","North America","CanVec",1,0,2994.94,1924.13,9.92,74381.85,0,1,24.8,251.159,3427.7,91,-1,19638.2,-71.735126,65.407803,23,8020032840
"000266",57,322.318869565217,322.325456521739,322.37,0.418454881516373,322.328571428571,322.344,322.23,0.289798539122112,0.00970186335405288,0.0185434782608809,"Woods","Canada","North America","SWBD",1,0,3472.81,5177.27,24.78,37000,0,1,10.7,449.584,952.5,320,-1,69313.9,-94.518399,49.764368,57,7020021430
"000268",104,88.6814225053079,88.7396815286624,88.77,0.465956684411494,89.0534285714286,89.1571428571429,89.13,0.427364996620142,0.372006066120719,0.417461328480442,"Vattern","Sweden","Europe","ECRINS",1,0,1888.04,644.78,4.19,74000,0,1,39.2,33.7,25414.9,88,-1,6369.1,15.039006,58.532267,104,2020024230
"000269",144,49.6084281282316,49.6222543950362,47.25,5.30919617138873,42.7664705882353,42.7764705882353,42.925,1.01082289415662,-6.84195753999635,-6.8457838068009,"Buhayrat ath Tharthar","Iraq","Asia","SWBD",3,4472,1698.86,474.67,3.25,43500,43500,2,25.6,43.226,11647.4,44,-1,27149.5,43.460376,33.689627,144,2020071190
"000270",1,-26.7118303145853,-26.7117635843661,-26.59,0.451626075864492,-28.4731428571429,-28.4731428571429,-28.51,0.132593395021628,-1.76131254255754,-1.76137927277679,"Caspian Sea","Russia","Europe","SWBD",1,0,377001.91,15829.37,7.27,75600000,0,1,200.5,8110.642,107883,-29,-1,1404108,47.717708,45.591934,1,2020065840
"000274",1631,9.86941451990632,9.79871194379391,9.68,1.18552137222997,9.80916666666667,9.79166666666667,9.465,1.34546938171883,-0.0602478532396571,-0.00704527712724534,"Kinkony","Madagascar","Africa","SWBD",1,0,154.74,291.61,6.61,1029.16,0,3,6.7,80.465,148,12,1.23,2789.5,45.904513,-16.094726,1631,1020035180
"000275",14,-27.6513295346629,-27.6515764482431,-27.32,0.857223909732894,-29.9537142857143,-29.9517142857143,-29.86,0.223765708804935,-2.30238475105142,-2.30013783747117,"Kara-Bogaz-Gol","Turkmenistan","Asia","SWBD",1,0,18666.8,961.87,1.99,1885347,0,1,101,0,-1,-30,-1,25529.4,52.912913,41.056625,14,2020065840
"000285",1377,4272.22488745981,4272.2554340836,4272.29,1.04156449131522,4272.79272727273,4272.85181818182,4273.11,0.616888729468583,0.567839812920283,0.596384098216731,"Ngoring","China","Asia","SWBD",1,0,617.76,184.54,2.09,10736,0,1,17.4,44.053,2820.7,4267,-1,18713.7,97.784866,35.106362,1377,4020006940
"000310",54,374.10125984252,374.078503937008,374.09,0.491403559110733,374.254117647059,374.230294117647,374.15,0.568224868244312,0.15285780453911,0.151790180639182,"Mistassini","Canada","North America","CanVec",1,0,2182.5,3235.06,19.53,163687.5,0,1,75,392.589,4825.7,371,-1,19675.5,-73.792606,51.248214,54,7020024600
"000314",16,1135.62059869036,1135.62085126286,1135.63,0.514383031802688,1137.09852941176,1137.10088235294,1137.06,0.182426944330665,1.47793072139984,1.48003109007868,"Victoria","Uganda","Africa","SWBD",3,4492,67166.22,7422.44,8.08,2760000,204800,1,41.1,1735.515,18406.3,1134,-1,265372.8,33.193791,0.430999,16,1020034170
"000316",11,456.32398488121,456.32964362851,456.32,0.317611688443672,456.489117647059,456.490588235294,456.465,0.148249741111917,0.165132765849307,0.160944606784426,"Baikal","Russia","Europe","SWBD",3,5058,31967.85,2688.05,4.24,23615000,46000,1,738.7,1997.895,136804.9,449,-1,569176.2,104.321875,52.234393,11,3020003790
"000317",18,474.560634920635,474.560821661998,474.54,0.664931988830485,475.9525,475.950277777778,475.94,0.412604099418732,1.39186507936506,1.38945611577964,"Malawi","Malawi","Africa","SWBD",1,0,29544,1718.97,2.82,7720000,0,1,261.3,1119.676,79801.5,476,-1,128727.2,35.236458,-14.417702,18,1020011530
"000319",1400176,6.00600547195622,6.00694938440492,5.52,2.61107245482648,5.54571428571429,5.52771428571429,5,2.17815259784428,-0.460291186241939,-0.479235098690639,NA,"Cambodia","Asia","SWBD",1,0,0.1,1.59,1.44,0.11,0,3,1.1,0.092,13.5,9,0.29,4.8,104.48828,12.526035,1400176,4020015090
"000322",1286,130.822343949045,130.830573248408,130.85,0.425911218732306,131.324705882353,131.307647058824,131.325,0.24680056104889,0.50236193330835,0.477073810415902,"Quagan","China","Asia","SWBD",1,0,246.95,112.09,2.01,666.86,0,3,2.7,40.548,190.3,126,0.5,36041.1,124.409375,45.287761,1286,4020000010
"000331",152,175.45567887931,175.475560344828,175.445,2.76216895145889,179.227647058824,179.276470588235,179.76,1.12588028542661,3.77196817951318,3.80091024340771,"Nasser","Egypt","Africa","SWBD",2,4478,5385.34,7201.04,27.68,162000,162000,2,30.1,2669.791,702.3,179,-1,2764126,32.886458,23.96728,152,1020034170
"000333",9,174.304513888889,174.305188492063,174.28,0.303097157029491,174.407428571429,174.398285714286,174.41,0.144798904308962,0.102914682539677,0.0930972222222408,"Erie","United States of America","North America","SWBD",1,0,25767.79,1935.52,3.4,499000,0,1,19.4,9796.883,589.5,172,-1,679903.4,-78.908084,42.904334,9,7020024600
"000334",7,74.7904356435644,74.7906930693069,74.77,0.294171340074017,74.6997222222222,74.6988888888889,74.71,0.183622067007381,-0.0907134213421301,-0.0918041804180376,"Ontario","United States of America","North America","SWBD",3,1485,19347.36,2609.93,5.29,1640000,29960,1,84.8,7745.819,2450.5,73,-1,766137.4,-75.794246,44.480557,7,7020024600
"000335",6,176.400104662226,176.400409134158,176.33,0.434562821900635,176.547777777778,176.518611111111,176.52,0.179413506596373,0.147673115551328,0.118201976953173,"Michigan","United States of America","North America","SWBD",1,0,57726.84,2862.67,3.36,4860000,0,1,84.2,1877.753,29956,175,-1,176006.4,-84.75391,45.822916,6,7020024600
"000336",8,176.085188323917,176.086647834275,176,0.418904266487971,176.187647058824,176.174705882353,176.18,0.139524274493385,0.102458734906378,0.0880580480780111,"Huron","United States of America","North America","SWBD",1,0,59399.3,8856.64,10.25,3550000,0,1,59.8,9162.152,4484.5,175,-1,576017.7,-82.422576,42.999403,8,7020024600
"000337",5,182.932808551992,182.933352769679,182.92,0.241499416512379,182.969090909091,182.960606060606,182.94,0.114273893463348,0.0362823570986848,0.0272532909267795,"Superior","United States of America","North America","SWBD",1,0,81843.92,5248.36,5.18,12004000,0,1,146.7,2869.953,48410.3,179,-1,209219.5,-84.460547,46.468593,5,7020024600
"000338",136,1606.84163556531,1606.8424259056,1606.88,0.222835037313698,1606.32242424242,1606.31757575758,1606.35,0.0735709820101586,-0.519211322888623,-0.524850148022551,"Issyk Kul","Kyrgyzstan","Asia","SWBD",1,0,6195.93,608.84,2.18,1738000,0,1,280.5,72.678,276778.9,1601,-1,21917,77.427083,42.485417,136,4020050220
"000340",117,-0.365863453815261,-0.368022088353414,-0.35,0.128755767513767,-0.251764705882353,-0.244411764705882,-0.26,0.148047301782445,0.114098747932908,0.123610323647531,"Ijsselmeer","Netherlands","Europe","GRanD",3,6819,1962.7,466.81,2.97,8832.15,5120,1,4.5,144.89,705.5,0,-1,10569.5,5.647917,52.614583,117,2020018240
"000341",866,517.03374789916,517.084168067227,516.75,5.12581325438508,511.416388888889,511.395277777778,511.83,3.22821414830268,-5.61735901027083,-5.68889028944909,"Angostura Reservoir","Mexico","North America","SWBD",2,1391,566.28,761.85,9.03,9200,9200,2,16.2,334.529,318.3,525,-1,18330.8,-92.778548,16.400684,866,7020047840
"000342",1242,115.347804878049,115.354599303136,115.35,0.287418684597647,114.842941176471,114.826470588235,114.845,0.210072561948063,-0.504863701578188,-0.528128714900589,"Neusiedl","Hungary","Europe","SWBD",1,0,141.51,156.08,3.7,301.67,0,3,2.1,5.237,666.7,110,0.46,1142.6,16.801183,47.671437,1242,2020003440
"000343",145,12.4289522342065,12.44781201849,12.48,0.901379162350587,12.8380555555556,12.8211111111111,12.845,0.492885494928701,0.409103321349084,0.373299092621126,"Hungtze","China","Asia","SWBD",2,5295,1374.36,658.05,5.01,13500,13500,2,9.8,1293.236,120.8,10,-1,165046.9,118.726991,33.08953,145,4020006940
"000344",85,70.3316806722689,70.3407668067227,70.18,0.930097012750618,69.1314285714286,69.1325714285714,69.14,0.137330491390462,-1.20025210084033,-1.20819537815126,"Chiquita","Argentina","South America","SWBD",1,0,6132.89,1519.3,5.47,14483,0,1,2.4,371.115,451.7,69,-1,129875.5,-62.252083,-30.84375,85,6020014330
"000345",77,390.341240188383,390.3252433281,390,1.98345924244303,391.737714285714,391.719714285714,391.72,1.26173336820303,1.39647409733124,1.39447095761386,"Sobradinho Reservoir","Brazil","South America","GRanD",2,2516,2614.96,1301.66,7.18,34100,34100,2,13,2671.621,147.7,385,-1,500631.9,-40.824117,-9.42266,77,6020008320
"000347",1304,1046.98735759494,1046.99653481013,1046.785,1.00775179885129,1047.08571428571,1047.09628571429,1047.09,0.284411525727037,0.0983566907775639,0.0997509041590092,"Bosten","China","Asia","SWBD",1,0,961.84,250.21,2.28,8800,0,1,9.1,7.673,13274.1,1050,-1,40982.3,86.74801,41.831353,1304,4020050210
"000348",33,209.049221789883,209.062023346304,209.01,0.651706902293125,208.769117647059,208.769705882353,208.72,0.251677615419782,-0.280104142824428,-0.292317463950553,"Athabasca","Canada","North America","CanVec",1,0,7528.73,2540.35,8.26,155400,0,1,20.6,1196.006,1503.8,207,-1,291489.3,-111.200512,58.704508,33,8020008900
"000349",1562,1637.72258561644,1637.71640410959,1637.67,0.497004398100265,1638.52205882353,1638.52529411765,1638.265,0.504247290293441,0.799473207091069,0.808890008057915,"Ziway","Ethiopia","Africa","SWBD",1,0,411.96,150.02,2.09,5717.64,0,3,13.9,60.774,1088.9,1636,1.85,7296.3,38.740906,7.903165,1562,1020000010
"000351",72,32.1005539906103,32.1004882629108,32.11,0.550604566176744,32.3155555555556,32.3163888888889,32.29,0.601234180401064,0.215001564945226,0.215900625978087,"Nicaragua","Nicaragua","North America","SWBD",1,0,7833.32,812.17,2.59,104000,0,1,13.3,243.917,4934.9,31,-1,25625.4,-84.781903,11.122437,72,7020047840
"000353",115,311.4537995338,311.474533799534,311.525,3.48690355451742,312.425135135135,312.423243243243,312.46,1.95842144712637,0.971335601335568,0.948709443709447,"Zeyskoye Reservoir","Russia","Europe","SWBD",2,5834,2234.7,1785.54,10.66,68400,68400,2,30.6,500.162,1582.8,308,-1,82118.9,127.306854,53.770578,115,4020000010
"000355",1089,122.913655913978,122.923306451613,123.03,0.560568659449404,123.0725,123.073888888889,123.135,0.403756468325011,0.158844086021517,0.150582437275986,"Oulu","Finland","Europe","Other",3,3723,889.77,715.46,6.77,6228.42,2343,1,7,227.993,316.2,106,-1,20744.5,26.823958,64.539583,1089,2020024230
"000368",829,-70.0230289855073,-70.025115942029,-69.965,1.08667170676695,-72.8994117647059,-72.8664705882353,-72.885,0.351722524730578,-2.87638277919864,-2.8413546462063,"Salton","United States of America","North America","SWBD",1,0,956.86,201.88,1.84,8560,0,1,8.9,25.481,3888.2,-71,-1,20050.8,-115.835417,33.335417,829,7020000010
"000369",860,-38.8478503401361,-38.8519047619048,-37.11,3.97962326950896,-39.6877777777778,-39.6530555555556,-39.705,0.286068034975809,-0.83992743764172,-0.801150793650791,"Enriquillo","Dominican Republic","North America","SWBD",1,0,227.51,135.85,2.54,2017.62,0,3,8.9,15.777,1480.1,-42,1.44,3077.1,-71.59375,18.460417,860,7020065090
"000372",1239,1133.11396640827,1133.11603359173,1133.21,0.6395411145208,1132.972,1132.97114285714,1133.08,0.271756811700983,-0.141966408268672,-0.144890734588444,"Dorgon","Mongolia","Asia","SWBD",1,0,370.35,179.74,2.63,2443.93,0,3,6.6,0,-1,1128,0.99,6654.4,93.264308,47.971534,1239,3020024310
"000385",123,543.137855477856,543.135641025641,543.57,1.41550707279688,545.074285714286,545.100857142857,545.1,0.157914454024693,1.93643023643017,1.96521611721607,"Hulun","China","Asia","SWBD",1,0,2121.43,424.9,2.6,13100,0,1,6.2,28.131,5389.8,540,-1,133702.3,117.712696,49.366475,123,4020000010
"000393",156,76.8094348894349,76.7988820638821,76.35,3.04507012707117,81.9611111111111,81.9858333333333,82.165,0.873739999829233,5.15167622167623,5.18695126945127,"Volta","Ghana","Africa","SWBD",2,3667,6045.16,5492.28,19.93,148000,148000,2,24.5,1372.072,1248.5,75,-1,404374.9,0.060347,6.302627,156,1020021940
"000394",172,482.058526315789,482.063964912281,482.28,2.98606951939468,476.826571428571,476.837714285714,477.04,0.606896361232554,-5.23195488721808,-5.22625062656641,"Kariba Reservoir","Zambia","Africa","SWBD",2,4056,5276.89,3119.53,12.11,185000,185000,2,35.1,1315.381,1627.8,487,-1,679343.6,28.760417,-16.522917,172,1020011530
"000396",10,4.54925675675676,4.5494305019305,4.53,0.446420576490066,5.00147058823529,5.00705882352941,5.025,0.325605564997313,0.452213831478538,0.45762832159891,"Ladoga","Russia","Europe","MODIS",1,0,17444.01,1795.84,3.84,837000,0,1,48,2527.206,3833.3,-10,-1,279581.2,31.032851,59.95278,10,2020024230
"000397",99,76.4118093922652,76.4136464088398,76.41,0.33280718439714,76.5114705882353,76.5508823529412,76.6,0.414415487256968,0.0996611959700999,0.137235944101391,"Saimaa","Finland","Europe","Other",3,3733,4422.19,9572.39,40.61,36000,5600,1,8.1,606.956,686.5,62,-1,68116.1,28.78125,61.227083,99,2020024230
"000402",154,1787.48193548387,1787.48203629032,1787.47,0.732952287239279,1788.04382352941,1788.04617647059,1788.105,0.668122719202398,0.561888045540854,0.564140180265667,"Tana","Ethiopia","Africa","SWBD",1,0,3059.34,484.93,2.47,28400,0,1,9.3,170.151,1931.8,1786,-1,15133.2,37.407008,11.573725,154,1020034170
"000408",25,0.448228260869565,0.447510869565217,0.52,0.616578374860144,0.775833333333333,0.7675,0.875,0.478589445289861,0.327605072463768,0.319989130434783,"Baker","Canada","North America","CanVec",1,0,1664.7,896.5,6.2,99882,0,1,60,1646.452,702.1,2,-1,244118.8,-94.186458,64.05625,25,8020010700
"000409",28,139.540771812081,139.529899328859,139.59,0.878074521603845,140.220571428571,140.107714285714,140.04,1.05061870527111,0.679799616490868,0.577814956855207,"Yathkyed","Canada","North America","CanVec",1,0,1336.49,1024.36,7.9,30979.46,0,1,23.2,306.171,1171.1,113,-1,52564.8,-97.609375,63.058808,28,8020010700
"000410",37,258.173089330025,258.189627791563,258.36,0.639457657986876,258.294857142857,258.291714285714,258.3,0.321726696478379,0.121767812832331,0.102086494151024,"Southern Indian","Canada","North America","Other",3,702,2307.45,5062.59,29.73,23380,4463,1,10.1,991.698,272.9,256,-1,265491.1,-98.132949,57.361625,37,7020021430
"000411",1236,1132.9932382311,1132.98751783167,1133.05,0.605807075862327,1132.984,1132.97942857143,1132.98,0.244133521808446,-0.00923823109860678,-0.00808926024046741,"Har","Mongolia","Asia","SWBD",1,0,574.52,126.37,1.49,2340,0,1,4.1,27.295,992.2,1129,-1,80448.2,93.408849,48.21335,1236,3020024310
"000412",27,264.737739130435,264.73052173913,264.73,0.184502127077697,264.559393939394,264.549393939394,264.54,0.138495022336988,-0.178345191040819,-0.181127799736487,"Martre","Canada","North America","CanVec",1,0,1679.89,1086.73,7.48,16798.9,0,1,10,17.55,11078.7,249,-1,13423.7,-117.132493,63.098255,27,8020008900
"000413",119,1646.7046953405,1646.71845878136,1646.79,0.379716349863765,1646.86888888889,1646.89111111111,1646.89,0.135641918884725,0.164193548387175,0.172652329749098,"Khovsgol","Mongolia","Asia","SWBD",1,0,2767.8,463.24,2.48,383700,0,1,138.6,25.365,175082.7,1642,-1,7714.6,100.152026,50.423719,119,3020003790
"000414",171,320.532146596859,320.560942408377,321.1,2.98809001245407,315.534117647059,315.564705882353,316.59,5.07159894555234,-4.99802894979979,-4.99623652602401,"Cahora Bassa Reservoir","Mozambique","Africa","SWBD",2,4505,2048.68,2176.09,13.56,63000,63000,2,30.8,2652.541,274.9,317,-1,1068237,32.704318,-15.586301,171,1020011530
"000416",167,924.901425837321,924.901196172249,924.8,0.736696295954824,925.587941176471,925.587352941177,925.575,0.608653652878391,0.686515339149992,0.686156768927731,"Mweru","Democratic Republic of the Congo","Africa","SWBD",1,0,5042.56,572.11,2.27,38200,0,1,7.6,1491.026,296.5,921,-1,216298.5,28.878979,-8.491502,167,1020018110
"000417",155,135.473969732247,135.471222351572,135.99,2.92590467017347,136.385142857143,136.442,137.86,3.2688488452526,0.911173124896067,0.970777648428424,"Kainji Reservoir","Nigeria","Africa","SWBD",2,3640,1034.85,571.05,5.01,15000,15000,2,14.5,1388.535,125,139,-1,1571130,4.612749,9.866081,155,1020021940
"000420",3,156.579554455446,156.583534653465,156.6,0.301470955272797,156.261111111111,156.269444444444,156.27,0.098118813625634,-0.318443344334412,-0.31409020902089,"Great Slave","Canada","North America","CanVec",1,0,26734.29,9814.16,16.93,1580000,0,1,59.1,4350.692,4203.2,148,-1,995312.3,-117.617115,61.311727,3,8020008900
"000421",2,156.484523809524,156.4933126294,156.63,0.46417851103438,156.4375,156.4475,156.435,0.110979406069001,-0.0470238095238074,-0.0458126293995917,"Great Bear","Canada","North America","CanVec",1,0,30450.64,5331.72,8.62,2200000,0,1,72.2,535.187,47577.7,145,-1,147665.4,-123.505546,65.138384,2,8020008900
"000422",914,159.76354978355,159.761991341991,159.86,1.49518894282283,159.749705882353,159.767352941176,159.83,1.52183996549256,-0.0138439011968501,0.0053615991851359,"Grajau","Brazil","South America","SWBD",2,2490,311.16,851.38,13.62,5060,5060,2,16.3,502.502,116.5,160,3.2,85233.9,-43.568828,-6.752165,914,6020008320
"000423",32,396.333033419023,396.3364781491,396.37,0.39826884255965,396.239696969697,396.24,396.22,0.154828228379163,-0.0933364493261593,-0.0964781491002213,"Wollaston","Canada","North America","CanVec",1,0,2269.59,3819.45,22.62,45865,0,1,20.2,101.461,5232,395,-1,17770,-102.757556,58.811965,32,7020021430
"000424",138,245.971809872029,245.972157221207,246.2,1.15852431415822,244.355142857143,244.361428571429,244.36,0.285310681317667,-1.61666701488639,-1.610728649778,"Aydar","Uzbekistan","Asia","SWBD",1,0,2742.41,2903.2,15.64,44300,0,1,16.2,0,-1,241,-1,20310.3,67.796971,40.868651,138,4020050220
"000425",112,235.860707213579,235.8871145686,236.02,3.84861633029076,235.433636363636,235.542121212121,235.96,2.82702783212977,-0.42707084994214,-0.344993356478511,"Krasnoyarsk Reservoir","Russia","Europe","SWBD",2,5056,1629.53,1537.87,10.75,73300,73300,2,45,2686.027,315.8,223,-1,290947.3,92.29324,55.93397,112,3020003790
"000429",30,331.137232876712,331.15302739726,331.28,0.670384295344385,331.826666666667,331.857777777778,331.91,0.590994319527931,0.689433789954307,0.70475038051751,"Kasba","Canada","North America","CanVec",1,0,1330.11,1064.77,8.24,20918.21,0,1,15.7,95.093,2546,324,-1,14582.2,-102.145569,60.575531,30,8020010700
"000431",135,477.611910447761,477.602970149254,477.735,1.14801613155314,478.403235294118,478.439117647059,478.205,0.647015154092755,0.791324846356417,0.836147497805086,"Qapshaghay Bogeni Reservoir","Kazakhstan","Asia","SWBD",2,4789,1205.95,297.84,2.42,28100,28100,2,23.3,197.454,1647.1,475,-1,113657.6,77.103595,43.92173,135,4020050220
"000432",73,264.486977428852,264.491560353288,266.41,6.4287017644092,263.490571428571,263.498,265.08,4.88057008655217,-0.996406000280444,-0.993560353287535,"Guri Reservoir","Venezuela","South America","SWBD",2,2294,3661.1,4704.71,21.93,135000,135000,2,36.9,4348.397,359.3,270,-1,87349.9,-62.997917,7.764054,73,6020000010
"000433",108,295.747513513514,295.758036036036,295.83,0.434067673126157,295.611764705882,295.625294117647,295.695,0.488091338870314,-0.13574880763116,-0.132741918389002,"Ust-Ilimskoye Reservoir","Russia","Europe","SWBD",2,5054,1702.79,1990.22,13.61,59300,59300,2,34.8,3438.245,199.6,291,-1,782364.1,102.668786,57.976665,108,3020003790
"000434",96,241.887801899593,241.900814111262,242.13,2.2453807774413,241.900588235294,241.944117647059,243.25,2.47453079871656,0.012786335701179,0.0433035357969516,"Vilyuy Reservoir","Russia","Europe","Other",2,5180,2190.47,2742.99,16.53,35900,35900,2,16.4,658.742,630.8,223,-1,137267,112.477083,63.034291,96,3020008670
"000436",35,5.05052694610778,5.05374850299401,5.05,0.176086446449341,5.26171428571429,5.27171428571429,5.3,0.170146748327397,0.211187339606501,0.217965782720273,"Becharof","United States of America","North America","NHD",1,0,1166.38,364.88,3.01,64795,0,1,55.6,40.42,18553.7,4,-1,3385.5,-156.842235,58.038697,35,8020000010
"000438",60,403.674398496241,403.678295739348,403.85,0.974917466685476,404.077941176471,404.108235294118,404.15,0.488409784552947,0.403542680229975,0.429939554769305,"Gouin Reservoir","Canada","North America","CanVec",2,2023,1318.78,4635.05,36.01,8573,8573,2,6.5,141.426,701.6,400,-1,8724,-74.099187,48.35383,60,7020024600
"000439",996,252.932208774584,252.92258698941,252.61,1.42568174823704,251.337272727273,251.317878787879,251.34,0.143793965608626,-1.59493604731122,-1.6047082015312,"Colhue Huapi","Argentina","South America","Other",1,0,623.21,224,2.53,1620,0,1,2.6,189.142,99.1,253,-1,29104,-68.695469,-45.662884,996,6020017370
"000441",34,209.293367346939,209.299489795918,209.27,0.415727386059543,209.093529411765,209.062647058824,209.065,0.199892127771701,-0.19983793517406,-0.236842737094833,"Claire","Canada","North America","CanVec",1,0,1332.93,642.99,4.97,1700,0,1,1.3,46.537,422.8,207,-1,21416.2,-111.703703,58.628837,34,8020008900
"000442",29,277.256676217765,277.255214899713,277.27,0.482735047416916,277.606388888889,277.598888888889,277.785,0.614022581147247,0.349712671123825,0.343673989175443,"Nueltin","Canada","North America","CanVec",1,0,1917.62,3921.84,25.26,191762,0,1,100,151.355,14664,264,-1,27056.3,-98.96529,60.826818,29,8020010700
"000443",21,394.629852941176,394.628634453782,394.64,0.315318017265719,394.661818181818,394.702121212121,394.66,0.264415092059982,0.031965240641739,0.0734867583396976,"Takiyuak","Canada","North America","CanVec",1,0,1031.69,1003.96,8.82,49576.74,0,1,48.1,41.152,13943.5,366,-1,7177.5,-113.658891,66.21204,21,8020010700
"000449",1416,6.10803407601573,6.09258191349934,6.08,0.489911142934267,6.19742857142857,6.17342857142857,6.15,0.431838360672022,0.0893944954128445,0.0808466579292269,"Kaoyu","China","Asia","SWBD",1,0,703.14,484.22,5.15,5554.91,0,1,7.9,1311.151,49,2,-1,171466.1,119.461404,32.561788,1416,4020006940
"000451",100590,395.146952965235,395.161063394683,395.29,1.56518366905139,393.479411764706,393.481176470588,393.965,1.16506454802707,-1.66754120052929,-1.67988692409477,NA,"Canada","North America","CanVec",1,0,2.12,18.81,3.64,15.06,0,3,7.1,0.248,703,398,3.84,13,-70.247101,49.771792,100590,7020024600
"000454",42,576.563125794155,576.579504447268,576.53,0.558231611879652,576.469142857143,576.482857142857,576.39,0.225615125543359,-0.0939829370121288,-0.096647304410908,"Lesser Slave","Canada","North America","CanVec",1,0,1186.51,314.63,2.58,13526.56,0,1,11.4,43.347,3611.7,572,-1,13479,-114.773391,55.306762,42,8020008900
"000459",1198,528.303554421769,528.367244897959,529.28,8.75088197757511,525.902,525.914857142857,526.45,7.68964154293446,-2.40155442176865,-2.452387755102,"Sayano-Shushenskoye","Russia","Europe","SWBD",2,5057,282.39,1249.04,20.97,31300,31300,2,110.8,1451.72,249.5,518,17.15,183579.7,91.367186,52.825779,1198,3020003790
"000460",1307,248.615012315271,248.620640394089,249.08,3.02117183964794,248.924242424242,248.941818181818,249.32,2.83906568071152,0.309230108971491,0.321177787729511,"Chardarinskoye","Kazakhstan","Asia","SWBD",2,4679,745.08,339.28,3.51,6700,6700,2,9,543.691,142.6,248,-1,199564,67.960442,41.243404,1307,4020050220
"000462",799,1108.6894279661,1108.71120762712,1108.335,9.83394247048694,1089.58944444444,1089.62666666667,1089.82,2.68879361631032,-19.0999835216571,-19.0845409604519,NA,"United States of America","North America","SWBD",1,0,138.79,411.31,9.85,8187.25,0,3,59,461.47,205.3,1124,8.42,201928.8,-110.726722,37.365174,799,7020000010
"000470",44,179.790238948626,179.802449223417,179.82,0.514143911734849,179.539142857143,179.532285714286,179.53,0.263364782010355,-0.251096091483191,-0.270163509131265,"Gods","Canada","North America","CanVec",1,0,1024.08,1597.08,14.08,13800,0,1,13.5,157.903,1011.5,178,-1,26706.4,-94.083446,54.836064,44,7020021430
"000475",265,128.941615508885,128.942504038772,128.96,0.280038671887675,129.172941176471,129.170588235294,129.145,0.174399913326443,0.231325667585281,0.228084196521877,"Tehek","Canada","North America","CanVec",1,0,450.06,1037.29,13.79,9250.45,0,3,20.6,9.765,10964.2,106,2.56,1781.8,-95.25627,65.04373,265,8020010700
"000480",762,227.209722543353,227.224589595376,227.26,0.263970601553023,227.280882352941,227.285588235294,227.31,0.188122584906416,0.071159809588579,0.0609986399183811,"Winnebago","United States of America","North America","SWBD",3,1493,645.53,284.69,3.16,4100,1356.8,1,6.4,136.851,346.8,226,-1,15194.9,-88.45459,44.185016,762,7020024600
"000484",547,458.859588377724,458.861573849879,459,0.462067107874939,458.834285714286,458.840857142857,458.84,0.110514457778842,-0.0253026634382536,-0.0207167070217906,"Dore","Canada","North America","CanVec",1,0,627.55,268.49,3.02,6840.33,0,1,10.9,1.941,40788.5,454,-1,2524.2,-107.586458,54.705994,547,7020021430
"000486",760,2357.8812345679,2357.90401920439,2357.84,0.486641733768469,2357.594,2357.57857142857,2357.56,0.406355393568664,-0.287234567901123,-0.325447775818247,"Yellowstone Lake","United States of America","North America","SWBD",1,0,340.47,206.51,3.16,14617.24,0,3,42.9,22.004,7688.6,2360,5.18,2579.2,-110.384698,44.56426,760,7020046750
"000497",399,1.21576323987539,1.21192107995846,1.17,0.304554331730433,1.14057142857143,1.12457142857143,1.09,0.254904167195794,-0.0751918113039609,-0.0873496513870347,"Dall Lake","United States of America","North America","NHD",1,0,449.21,465.54,6.2,1003.59,0,3,2.2,27.868,416.8,11,0.37,3057.8,-164.064566,60.26521,399,8020000010
"000498",297,136.852098501071,136.853661670236,136.88,0.403346897707733,136.90275862069,136.968275862069,136.94,0.400784022276732,0.0506601196190104,0.114614191833425,"Mallery","Canada","North America","CanVec",1,0,460.6,368.47,4.84,6497.43,0,3,14.1,56.543,1330,121,1.83,7699.5,-98.096875,63.926088,297,8020010700
"000501",82,219.367286585366,219.388704268293,219.51,0.948729298919841,218.629166666667,218.679444444444,218.65,0.649502556906875,-0.738119918699198,-0.709259823848242,"Itaipu","Brazil","South America","SWBD",2,2432,1156.44,2170.41,18,29000,29000,2,25.1,10027.34,33.5,217,-1,824128.6,-54.594792,-25.405427,82,6020014330
"000502",132,-0.308840579710145,-0.32897233201581,-0.38,0.496404193805975,-0.4,-0.39,-0.5,0.403659728571712,-0.0911594202898551,-0.0610276679841897,"Syvash","Ukraine","Europe","SWBD",1,0,1333.38,759.62,5.87,466.68,0,1,0.3,53.147,101.6,0,-1,19206.3,34.80493,46.147371,132,2020003440
"000503",125,80.2248767416935,80.2293354769561,80.39,0.957760212865949,80.3825714285714,80.3734285714286,80.58,1.18715513347008,0.15769468687796,0.144093094472524,"Kremenchuk Reservoir","Ukraine","Europe","SWBD",2,4371,1849.09,663.27,4.35,13520,13520,2,7.3,1618.834,96.7,77,-1,388063.7,33.247337,49.081155,125,2020003440
"000504",55,350.602721088435,350.591700680272,351.02,2.66664649023212,347.43696969697,347.457878787879,347.51,1.21746787649738,-3.16575139146568,-3.13382189239331,"Manicouagan Reservoir","Canada","North America","CanVec",3,2005,1795.64,2140.21,14.25,141850,35200,2,79,601.791,2728.2,346,-1,29287.6,-68.728125,50.649075,55,7020024600
"000509",59,99.9358823529412,99.9634238310709,100.48,1.29263066904713,100.165882352941,100.201176470588,100.48,1.08176095955555,0.230000000000004,0.237752639517353,"Saint-Jean","Canada","North America","CanVec",3,2021,1112.79,699.95,5.92,12240.69,5370,1,11,1560.694,90.8,96,-1,72559.1,-71.635571,48.578105,59,7020024600
"000511",1698,356.925349794239,356.92024691358,356.95,0.343994397385985,356.991428571429,356.960285714286,357.05,0.460039274903546,0.0660787771898868,0.0400388007054744,"Taupo","New Zealand","Oceania","SWBD",1,0,611.94,162.86,1.86,59096.6,0,1,96.6,112.701,6069.1,356,-1,3421.6,176.060417,-38.690273,1698,5020082270
"000512",56,356.133657657658,356.139405405405,356.27,0.562223016369214,355.923235294118,355.946764705882,356.15,0.744164044265231,-0.210422363539976,-0.192640699523054,"Seul","Canada","North America","Other",3,714,1248.75,3577.8,28.56,5680,3630,1,4.5,261.595,251.3,355,-1,26011.8,-93.200208,50.63859,56,7020021430
"000514",1602,320.077886792453,320.074452830189,320.27,0.669001786101,320.000857142857,320.066285714286,320.09,0.43674175589762,-0.0770296495956586,-0.00816711590300656,"Towuti","Indonesia","Asia","SWBD",1,0,559.75,217.43,2.59,67170,0,1,120,138.984,5593.7,319,-1,2444.4,121.353125,-2.765459,1602,5020015660
"000519",1484,393.123448275862,393.132362068966,394.015,4.87573617902727,397.6278125,397.613125,397.205,1.75360041495278,4.50436422413793,4.48076293103446,"Gandhisagar Reservoir","India","Asia","GRanD",2,4843,523.51,329.22,4.06,7322.8,7322.8,2,14,175.916,481.8,386,-1,22820.1,75.553943,24.700139,1484,4020024190
"000520",1213,102.669563567362,102.673889943074,102.7,0.310134889150864,102.602352941176,102.650588235294,102.695,0.499776063934635,-0.067210626185954,-0.0233017077798792,"Kiev Reservoir","Ukraine","Europe","SWBD",2,4368,636.17,442.86,4.95,3730,3730,2,5.9,1171.448,36.9,98,-1,245547,30.523958,50.586833,1213,2020003440
"000557",1596,1173.45236507937,1173.43555555556,1173.48,0.636536954283192,1175.98944444444,1175.98305555556,1175.965,0.326592314181672,2.53707936507931,2.54750000000013,"Burigi","United Republic of Tanzania","Africa","SWBD",1,0,188.53,229.09,4.71,2373.25,0,3,12.6,18.586,1477.9,1172,2.04,5299.5,31.190597,-1.857657,1596,1020034170
"000558",1605,685.375567651633,685.31632970451,685.17,1.57427779407204,688.084857142857,688.078,688.28,0.765941832488804,2.70928949122413,2.76167029548992,"Kikuletwa","United Republic of Tanzania","Africa","SWBD",2,4500,110.07,90.11,2.42,1135,1135,2,10.3,73.228,179.4,684,1.34,13266.9,37.470367,-3.825186,1605,1020000010
"000567",166505,329.143914327917,329.090871491876,328.88,0.896896627653808,329.366176470588,329.289705882353,329.04,1.03745906003455,0.222262142670957,0.198834390477032,NA,"Kazakhstan","Asia","SWBD",1,0,8.89,12.28,1.16,18.24,0,3,2.1,55.572,3.8,325,0.53,53200.9,70.423615,50.640648,166505,3020000010
"000583",110,397.831960556845,397.843584686775,397.75,1.60791017463202,400.349411764706,400.372647058824,400.22,0.51295898103166,2.51745120786137,2.5290623720486,"Bratsk Reservoir","Russia","Europe","SWBD",2,5055,4810.66,5081.56,20.67,169000,169000,2,35.1,2967.669,659.1,391,-1,734125.3,101.785413,56.284112,110,3020003790
"000587",1204,70.6529495472186,70.6660802069858,70.73,0.434879941493507,70.6271428571429,70.6237142857143,70.68,0.165539606573586,-0.0258066900757683,-0.0423659212714824,"Chukchagirskoye","Russia","Europe","SWBD",1,0,372.31,196.52,2.87,5790.86,0,3,15.6,7.905,8478.7,68,2.1,1099.3,136.682995,52.112598,1204,4020000010
"000590",13862,72.6866292134831,72.6888764044944,72.75,0.520430858779278,70.8663888888889,70.8505555555556,70.87,0.22588432915705,-1.82024032459425,-1.83832084893882,"Krasno-Oskol","Ukraine","Europe","SWBD",2,4370,85.58,162.54,4.96,474,474,2,5.5,52.356,104.8,70,3.91,14661.6,37.473596,49.177786,13862,2020003440
"000592",128,34.0716487455197,34.0756152927121,34.15,1.09997744905722,34.6373529411765,34.6576470588235,34.685,0.751920002287193,0.565704195656757,0.582031766111463,"Tsimlyanskoye Reservoir","Russia","Europe","SWBD",2,4375,2253.94,792.54,4.71,24000,24000,2,10.6,668.805,415.3,30,-1,253930.8,42.110453,47.61046,128,2020003440
"000600",1289,30.6664157119476,30.6018003273322,30.45,1.39469231015842,30.3920588235294,30.2923529411765,30.455,1.32152524233626,-0.274356888418218,-0.309447386155771,"Tshchikskoye","Russia","Europe","SWBD",2,4379,269.16,139.66,2.4,3048,3048,2,11.3,434.204,81.2,24,1.28,44980.7,39.116201,44.985344,1289,2020003440
"000610",137,6.09477567298106,6.10061814556331,6.72,1.96723912247506,6.83514285714286,6.84571428571429,6.86,0.160740408707943,0.7403671841618,0.745096140150976,"Sarygamysh","Turkmenistan","Asia","SWBD",1,0,3772.03,496.85,2.28,46000,0,1,12.2,0,-1,2,-1,72245.2,57.452083,41.889583,137,2020065840
"000625",1398,445.32046728972,445.723971962617,447.07,16.3993046424343,450.95,451.45064516129,448.53,8.28099913456503,5.62953271028039,5.7266731986735,"Tarbela","Pakistan","Asia","GRanD",2,4702,208.47,243.11,4.75,13940,13940,2,66.9,1712.609,94.2,430,14.46,199689.7,72.691099,34.09134,1398,4020024190
"000669",715,738.069654576857,738.189343696028,739.73,8.69221386571895,741.598571428571,741.848571428571,739.36,5.17727849405863,3.52891685171471,3.65922773254374,"Lake Koocanusa","United States of America","North America","Other",2,297,163.81,339.84,7.49,7434.2,7434.2,2,45.4,318.897,269.8,721,13.72,23324,-115.313542,48.411432,715,7020014250
"000672",8978,1469.22004497751,1469.22179910045,1469.12,1.3012782458218,1469.25540540541,1469.25756756757,1469.03,1.13238341218523,0.0353604278941475,0.0357684671178049,"Lake Cascade","United States of America","North America","SWBD",2,370,94.78,110.18,3.19,805.5,805.5,2,8.5,24.798,376,1469,2.46,1584.7,-116.053057,44.523064,8978,7020014250
"000678",778,1804.26888268156,1804.30554934823,1804.54,1.33671373151348,1805.08416666667,1805.03291666667,1805.005,0.619957338410692,0.815283985102496,0.727367318435654,"Bear Lake","United States of America","North America","SWBD",1,0,281.36,78.03,1.31,10401.03,0,3,37,3.045,39534.4,1805,4.76,1022.2,-111.317708,42.121153,778,7020000010
"000682",721,680.482848101266,680.48970464135,681.13,2.53148689690955,679.297428571429,679.318,679.38,0.597899966338763,-1.1854195298373,-1.17170464135017,"Fort Peck","United States of America","North America","SWBD",2,307,814.09,1215.21,12.01,23560,23560,2,28.9,306.445,889.8,679,-1,147429.4,-106.414583,48.001098,721,7020046750
"000684",62,559.993119533528,560.003236151603,560.29,2.21304326059888,559.679428571429,559.677714285714,559.62,0.817017325963393,-0.313690962099031,-0.325521865889186,"Fort Berthold Reservoir","United States of America","North America","SWBD",2,753,1126.82,1199.84,10.08,30220,30220,2,26.8,803.718,435.2,557,-1,462779.4,-101.432292,47.50613,62,7020046750
"000706",855,84.331734006734,84.3305050505051,83.84,3.72761082808019,79.2167647058824,79.2273529411765,78.435,1.63425216070752,-5.11496930085166,-5.10315210932858,"Falcon Reservoir","United States of America","North America","SWBD",2,1320,120.78,247.31,6.35,3920,3920,2,32.5,216.536,209.5,80,1.22,430278.8,-99.167708,26.561383,855,7020047840
"000728",9965,81.3985387323944,81.4065845070423,82.03,3.68724693022085,80.8805714285714,80.8874285714286,81.54,3.30588596548742,-0.517967303822942,-0.519155935613682,NA,"Ecuador","South America","SWBD",2,1984,82.8,525.63,16.29,6000,6000,2,72.5,180.216,385.3,79,2.28,4189.5,-79.748958,-0.922437,9965,6020029280
"000744",991,188.857421758569,188.819865871833,188.79,0.646913498153364,188.742727272727,188.758484848485,188.77,0.459240355963469,-0.114694485842023,-0.0613810233482468,"Todos los Santos","Chile","South America","SWBD",1,0,173.59,137.4,2.94,24923,0,3,143.6,141.807,2034.2,190,17.36,2192.5,-72.408823,-41.142967,991,6020021870
"000753",90,178.839682539683,178.837777777778,178.69,0.858521755103137,178.841944444444,178.833611111111,178.47,0.97241619380194,0.00226190476189458,-0.00416666666666288,"Argentino","Argentina","South America","SWBD",1,0,1319.94,687.14,5.34,219900,0,1,166.6,210.172,12109.8,179,-1,9811.2,-71.977997,-50.230352,90,6020017370
"000757",16471,116.455731559855,116.45823458283,117.93,4.16931112356033,118.886470588235,118.880294117647,118.88,0.249834883084218,2.4307390283804,2.42205953481755,"Narran","Australia","Oceania","SWBD",1,0,67.09,49.19,1.69,120.91,0,3,1.8,3.722,376,118,0.54,5471,147.282485,-29.852083,16471,5020049720
"000775",902,32.2093408360129,32.2341639871383,32.39,3.50068841395038,30.4262857142857,30.432,32.27,3.92010060323658,-1.78305512172715,-1.80216398713826,"Tefe","Brazil","South America","SWBD",1,0,253.27,270.63,4.8,4425.3,0,3,17.5,1189.744,43.1,24,2.54,24360.1,-64.694549,-3.339248,902,6020006540
"000781",904,25.0677279305355,25.0852098408104,25.53,3.74277195827745,23.1494285714286,23.1151428571429,24.27,3.90235897198329,-1.91829935910688,-1.97006698366756,"Badajos","Brazil","South America","SWBD",1,0,159.74,199.42,4.45,2843.45,0,3,17.8,257.747,127.7,17,2.87,6246.5,-62.678727,-3.417869,904,6020006540
"000786",10110,145.682198697068,145.666986970684,147.83,6.09925568851887,151.988235294118,151.980588235294,151.985,1.00190869537503,6.30603659704926,6.31360126461007,"Araras","Brazil","South America","SWBD",2,2467,45,147.91,6.22,1000,1000,2,22.2,11.57,1000.4,147,1.12,3590.8,-40.448071,-4.211519,10110,6020008320
"000798",946,383.748504155125,383.761662049862,383.97,0.980668128601572,383.386764705882,383.414705882353,383.33,0.563827399918088,-0.361739449242293,-0.346956167508552,"Promissao Reservoir","Brazil","South America","SWBD",2,2397,511.18,884.41,11.03,7408,7408,2,14.5,836.99,102.4,379,-1,56078.4,-49.780896,-21.298021,946,6020014330
"000809",1169,87.9976031434185,88.0402357563851,88.23,1.08581718911568,87.3591428571429,87.3585714285714,87.23,1.2913977184535,-0.638460286275617,-0.68166432781365,"Votkinsk Reservoir","Russia","Europe","SWBD",2,4624,841.72,634.53,6.17,9400,9400,2,11.2,1745.424,62.3,84,-1,182789.1,54.085518,56.794314,1169,2020065840
"000810",106,106.821678832117,106.912104622871,107.495,2.00842751926377,105.722432432432,106.00972972973,106.06,2.06673307071464,-1.09924639968436,-0.902374893141314,"Kama Reservoir","Russia","Europe","GRanD",2,4623,1584.87,1457.15,10.33,12200,12200,2,7.7,1633.77,86.4,104,-1,166876.3,56.339502,58.115984,106,2020065840
"000845",1186,116.141839258114,116.146367851623,116.17,0.224811277174788,116.141764705882,116.127058823529,116.21,0.195455498899137,-7.45522320215741e-05,-0.0193090280934598,"Sniardwy","Poland","Europe","SWBD",1,0,120.06,166.86,4.3,1874.85,0,3,15.6,15.034,1443.4,112,2.74,2513.7,21.773049,53.685712,1186,2020024230
"000862",14549,281.331423290203,281.329519408503,281.33,3.28655955540659,282.336764705882,282.324705882353,283.1,3.7447561077586,1.00534141567903,0.99518647385014,"Voivis","Greece","Europe","SWBD",2,4009,56.22,85.83,3.23,2244,2244,2,39.9,53.258,487.7,277,5.19,5844,22.100461,40.300926,14549,2020000010
"000873",129,15.9022306717364,15.9077566539924,15.87,0.27697439366001,6.07333333333333,6.10583333333333,6.18,0.883295776380386,-9.82889733840304,-9.80192332065906,"Kakhovka Reservoir","Ukraine","Europe","SWBD",2,4376,2092.3,978.3,6.03,18180,18180,2,8.7,1499.857,140.3,13,-1,487441.1,33.372917,46.78125,129,2020003440
"000948",1096,120.543959243086,120.540975254731,120.57,0.402924134788128,120.375454545455,120.394545454545,120.36,0.324664162145775,-0.168504697631334,-0.14642980018526,"Ondozero","Russia","Europe","Other",2,4353,187.19,170.01,3.51,1090,1090,2,5.8,10.125,1246,100,2.04,1050.2,33.313583,63.896801,1096,2020033490
"000953",101,113.379358717435,113.381883767535,113.42,0.226553515888419,113.314444444444,113.31,113.375,0.287714585204996,-0.0649142729904213,-0.0718837675350699,"Beloye","Russia","Europe","MODIS",1,0,1182.4,228,1.87,5200,0,1,4.4,86.766,693.6,98,-1,13589.2,38.101519,60.043396,101,2020065840
"000958",1504,101.280230769231,101.304173076923,101.16,2.86203619806798,103.723548387097,103.820967741935,103.95,2.12766624636337,2.443317617866,2.5167946650124,"Ukal","India","Asia","SWBD",2,4739,370.3,525.34,7.7,8510,8510,2,23,419.09,235,96,1.81,62343.6,73.597917,21.25625,1504,4020024190
"000980",1528,141.224820143885,141.227208633094,141.21,1.36135567312804,141.244571428571,141.239714285714,141.17,1.02270789014822,0.0197512846865209,0.0125056526207743,"Noi","Thailand","Asia","SWBD",2,5796,235.58,355.1,6.53,1966,1966,2,8.3,69.641,326.7,141,1.93,2051,105.430544,15.205083,1528,4020015090
"001025",270,197.572606177606,197.571003861004,197.56,0.400486603586544,197.287741935484,197.298064516129,197.29,0.222915674301881,-0.284864242122325,-0.272939344874857,"Hardish","Canada","North America","CanVec",1,0,384.88,1027.37,14.77,10351.8,0,3,26.9,60.588,1977.5,186,3.35,16707.1,-117.835417,64.820566,270,8020008900
"001031",290,365.792025157233,365.787383647799,365.79,0.44606767666161,365.6909375,365.68625,365.825,0.462799053272239,-0.101087657232711,-0.101133647798747,"Aylmer","Canada","North America","CanVec",1,0,800.94,1089.95,10.86,15765.95,0,1,19.7,194.418,938.6,355,-1,40140.4,-107.936388,64.074333,290,8020008900
"001053",273,75.5724651810585,75.5318105849582,75.395,1.21453961100816,76.2011764705882,76.0823529411765,76.065,1.24612068267613,0.628711289529747,0.550542356218244,"Schultz","Canada","North America","CanVec",1,0,411.08,521.15,7.25,9335.12,0,3,22.7,925.188,116.8,59,2.85,156036.8,-97.020455,64.785764,273,8020010700
"001063",382,4.59369434416366,4.59107099879663,4.56,0.435688567842554,4.72428571428571,4.722,4.72,0.162485939921794,0.130591370122056,0.13092900120337,"Nunavakpak Lake","United States of America","North America","NHD",1,0,135.85,55.03,1.33,298.4,0,3,2.2,2.219,1556.4,7,0.48,181.6,-162.586458,60.838516,382,8020000010
"001072",426,247.307558528428,247.308929765886,247.29,0.459506390634936,247.353214285714,247.378928571429,247.44,0.434554293342541,0.0456557572861698,0.0699988055422693,"Kukaklek Lake","United States of America","North America","NHD",1,0,172.86,125.43,2.69,2818.16,0,3,16.3,28.559,1142.1,247,2.61,1201.9,-155.546827,59.135902,426,8020000010
"001081",291,239.40425831202,239.408644501279,239.52,0.464889286203006,239.431212121212,239.451515151515,239.43,0.188940426718276,0.0269538091916672,0.0428706502363525,"Keller","Canada","North America","CanVec",1,0,391.42,125.21,1.79,3127.48,0,3,8,6.082,5951.6,233,1.16,1579,-121.519014,64.055865,291,8020008900
"001106",467,423.110337078652,423.119438202247,423.15,0.323106808953634,422.857058823529,422.871176470588,422.93,0.217123472926221,-0.253278255122268,-0.248261731658943,"Wasekamio and Turnor","Canada","North America","CanVec",1,0,368.98,593.74,8.72,4734.14,0,3,12.8,4.113,13322,420,1.78,2952.3,-108.422146,56.614583,467,7020021430
"001118",309,109.244959481361,108.953306320908,108.22,2.94953183165617,108.5575,108.2290625,107.165,3.44990976974106,-0.687459481361415,-0.724243820907617,"Ford","Canada","North America","CanVec",1,0,265.7,458.2,7.93,3394.25,0,3,12.8,329.941,119.1,80,1.91,56030.1,-97.19499,63.5906,309,8020010700
"001121",345,285.902748201439,285.910877697842,285.97,0.577834887288075,285.848620689655,285.799655172414,285.88,0.499426271821204,-0.0541275117836904,-0.111222525427934,"Carey","Canada","North America","CanVec",1,0,250.73,409.65,7.3,3024.36,0,3,12.1,144.884,241.6,265,1.84,26251.3,-102.915625,62.297037,345,8020010700
"001155",40,665.783339253996,665.80973357016,665.86,3.70626139486284,663.815588235294,663.777058823529,664.32,2.09999883286616,-1.9677510187023,-2.03267474663051,"Williston","Canada","North America","CanVec",2,6,1718.79,1557.51,10.6,74300,74300,2,43.2,1167.451,736.6,659,-1,71707,-122.197841,56.018963,40,8020008900
"001161",536,598.760525624179,598.770709592641,598.8,0.308669022515962,598.563235294118,598.589411764706,598.6,0.253266186335293,-0.197290330061037,-0.181297827935396,"Primrose","Canada","North America","CanVec",1,0,436.35,237.11,3.2,4275.35,0,3,9.8,3.915,12639.4,595,1.35,3378.7,-109.694576,54.843551,536,7020021430
"001168",643,553.992582025678,553.995706134094,554.24,1.86299644449224,553.746388888889,553.740833333333,554.035,1.32037257248048,-0.246193136788747,-0.254872800760836,"Diefenbaker","Canada","North America","CanVec",2,253,391.72,750.71,10.7,9870,9870,2,25.2,262.165,435.7,551,2.99,118913.8,-106.864575,51.268741,643,7020021430
"001172",589,313.396157024793,313.402575757576,313.52,0.480692285397051,313.741764705882,313.747647058824,313.76,0.155884000933001,0.34560768108895,0.345071301247799,"Tobin","Canada","North America","CanVec",2,710,261.09,239.43,4.18,2200,2200,2,8.4,491.746,51.8,309,3.15,256243.5,-103.402193,53.659367,589,7020021430
"001207",604,274.588990147783,274.584729064039,274.55,0.318531951450979,274.512352941176,274.483529411765,274.46,0.285763823054716,-0.0766372066067902,-0.101199652274715,"Sandy","Canada","North America","CanVec",1,0,483.51,821.85,10.54,14487.9,0,3,30,112.37,1492.2,272,3.49,22439.5,-92.551042,53.087669,604,7020021430
"001238",623,213.819237012987,213.787435064935,213.88,1.36540231505036,214.88,214.899444444444,214.94,0.862057339823086,1.06076298701299,1.11200937950937,"Opinaca Reservoir","Canada","North America","Other",2,1397,929.1,1973.33,18.26,8490,8490,2,9.1,955.729,102.8,210,-1,40948.8,-76.583851,52.211505,623,7020024600
"001240",46,174.559648241206,174.566901172529,174.69,0.887574957729399,174.853225806452,174.811612903226,174.97,0.532574796604657,0.293577565245585,0.24471173069648,"Robert Bourassa Reservoir","Canada","North America","CanVec",2,1394,2758.99,4677.51,25.12,61720,61720,2,22.4,1825.424,391.3,170,-1,94256.6,-77.451463,53.784788,46,7020024600
"001241",47,252.820993150685,252.821073059361,253.325,2.42985733524981,252.341764705882,252.347352941176,252.355,1.68188291054318,-0.479228444802573,-0.473720118184275,"La Grande 3 Reservoir","Canada","North America","Other",2,1396,2401.01,3575.78,20.59,60020,60020,2,25,1223.129,567.9,250,-1,62404.7,-75.963448,53.729265,47,7020024600
"001259",717,324.17796875,324.150089285714,324.42,1.56597208523274,324.656451612903,324.542580645161,324.81,1.16834512134927,0.478482862903206,0.392491359446979,"Victoria","Canada","North America","CanVec",2,2353,153.24,346.57,7.9,6300,6300,2,41.1,40.044,1820.9,325,3.08,1029.1,-57.117708,48.355341,717,7020024600
"001262",839,49.5199857346648,49.4997146932953,49.64,1.27997539030882,50.2075,50.2227777777778,49.985,1.30933216346568,0.687514265335238,0.723063084482483,"Sam Rayburn Reservoir","United States of America","North America","SWBD",2,1275,380.2,481.6,6.97,7815.6,7815.6,2,20.6,88.498,1022.2,48,2.96,8970.7,-94.106215,31.064744,839,7020047840
"001285",9305,196.682269503546,196.67170212766,196.715,1.2981286538087,196.107714285714,196.087428571429,196.49,1.55141128485966,-0.574555217831829,-0.584273556231011,"Dale Hollow Lake","United States of America","North America","SWBD",2,1762,89.62,364.96,10.88,2104.3,2104.3,2,23.5,43.141,564.6,195,11.31,2408.3,-85.450254,36.538312,9305,7020046750
"001302",8866,29.3664110929853,29.359836867863,29.3,0.503439646616396,29.4529411764706,29.4538235294118,29.515,0.393889150779257,0.0865300834852718,0.0939866615487936,NA,"Canada","North America","CanVec",1,0,10.87,38.16,3.26,14.77,0,3,1.4,416.955,0.4,24,0.62,21665.7,-73.248571,45.229285,8866,7020024600
"001341",109,83.7066299212598,83.7165511811024,83.9,0.524907965541985,83.6797058823529,83.7214705882353,83.765,0.421681233147258,-0.0269240389068983,0.00491940713293104,"Gorkovsky Reservoir","Russia","Europe","SWBD",2,4363,1325.39,1779.29,13.79,8700,8700,2,6.6,1460.197,69,80,-1,230390.3,43.385169,56.665099,109,2020065840
"001372",520,186.717698309493,186.706228868661,186.69,0.966259450422604,186.200909090909,186.196060606061,186.2,0.361484470935159,-0.516789218583767,-0.51016826259999,"Sipiwesk","Canada","North America","Other",1,0,514,1602.76,19.94,4633.95,0,1,9,2436.855,22,185,-1,944137.6,-97.228677,55.21963,520,7020021430
"001376",116,51.4366703910615,51.4486927374302,51.74,1.35535943281894,51.9051428571429,51.9222857142857,52.1,0.963536291415092,0.468472466081401,0.473592976855549,"Kuybyshev Reservoir","Russia","Europe","SWBD",2,4628,5060.1,2945.28,11.68,58000,58000,2,11.5,7739.459,86.7,45,-1,1205909,49.496391,53.458111,116,2020065840
"001377",126,14.9607860262009,14.9766375545852,14.97,0.383719664180875,15.0093939393939,15.0324242424242,14.96,0.282100817460923,0.0486079131930666,0.05578668783909,"Volgograd Reservoir","Russia","Europe","SWBD",2,4372,2613.38,2559.64,14.12,31500,31500,2,12.1,8230,44.3,8,-1,1359295,44.68125,48.827083,126,2020065840
"001378",113,112.87006006006,112.924249249249,113.25,1.1671346557523,112.875142857143,112.835428571429,113.4,1.09305931013014,0.00508279708280668,-0.0888206778206637,"Novosibirskoye","Russia","Europe","SWBD",2,4785,1024.14,758.63,6.69,8800,8800,2,8.6,1627.633,62.6,106,-1,228515.2,83.001042,54.842791,113,3020000010
"001386",442,34.7400602409639,34.7322590361446,34.75,0.826997259765204,34.9,34.9203846153846,34.77,0.791949493339065,0.159939759036142,0.188125579240037,"Lake Grosvenor","United States of America","North America","NHD",1,0,105.99,136.54,3.74,4344.4,0,3,41,28.177,1784.5,34,6.53,1536.1,-155.040882,58.608677,442,8020000010
"001416",1223,91.3279385403329,91.3769910371319,91.48,0.543484225999407,91.5063888888889,91.5794444444444,91.625,0.417346397939429,0.178450348555984,0.202453407312561,NA,"Ukraine","Europe","SWBD",2,4369,470.09,523.3,6.81,2480,2480,2,5.3,1515.791,18.9,87,2.71,342555.4,31.475568,49.770453,1223,2020003440
"001418",698,433.068798370672,433.089898167006,433.6,4.15392953646984,430.436666666667,430.476666666667,430.4,3.97842312665617,-2.63213170400542,-2.6132315003394,"Arrow","Canada","North America","CanVec",2,282,510.05,586.78,7.33,11300,11300,2,22.2,1128.258,115.9,429,-1,36413.2,-117.774543,49.342295,698,7020014250
"001419",930,642.868599439776,642.994537815126,642.65,9.14775205697238,648.471621621622,648.445945945946,651.43,5.85132677903697,5.60302218184563,5.45140813081991,NA,"Brazil","South America","SWBD",2,2377,206.21,573.95,11.28,17590,17590,2,85.3,351.146,579.8,633,3.92,29099.5,-47.984377,-18.446974,930,6020014330
"001421",117481,10.7592857142857,10.7819642857143,11.065,2.314390366322,9.34970588235294,9.35794117647059,9.34,2.14440142851823,-1.40957983193277,-1.4240231092437,NA,"Brazil","South America","SWBD",1,0,5.63,10.05,1.2,7.13,0,3,1.3,0.626,131.8,2,0.36,18,-56.555558,-2.36843,117481,6020006540
"001422",929,509.350647482014,509.501600719424,509.75,5.39864166548067,513.07027027027,513.114864864865,514.58,3.61620464520968,3.71962278825589,3.61326414544044,NA,"Brazil","South America","SWBD",2,2376,333.17,859.37,13.28,17000,17000,2,51,1148.952,171.3,504,2.96,94788.5,-49.096387,-18.407776,929,6020014330
"001426",629,518.769910600255,518.779680715198,518.62,1.31807069235824,519.396857142857,519.414571428571,519.47,0.250584862091148,0.626946542601672,0.634890713373466,NA,"Canada","North America","SWBD",1,0,154.47,63.92,1.45,479.25,0,3,3.1,7.716,718.9,513,0.63,4572.7,-104.17926,51.918588,629,7020021430
"001431",16412,1699.81591981132,1699.83721698113,1700.91,3.37467205000593,1701.46771428571,1701.58542857143,1701.69,0.660913297305033,1.65179447439345,1.74821159029648,NA,"South Africa","Africa","SWBD",2,4212,63.81,99.99,3.53,2620,2620,2,41.1,1.021,29700.4,1700,6.71,193.6,29.019792,-28.390297,16412,1020011530
"001439",1554,370.572947154472,370.692073170732,370.83,7.4433327547692,370.236111111111,370.251111111111,367.96,7.15141875145975,-0.336836043360449,-0.440962059620574,NA,"Nigeria","Africa","SWBD",2,3638,271.12,457.91,7.84,7000,7000,2,25.8,314.668,257.5,372,2.42,34798.5,6.836488,9.971462,1554,1020021940
"001440",1692,0.900753205128205,0.906169871794872,1.075,0.506938606927469,1.19277777777778,1.18638888888889,1.2,0.0986657014109799,0.292024572649573,0.280219017094017,"Alexandrina","Australia","Oceania","Other",1,0,862.54,403.95,3.88,480,0,1,0.6,0.727,7641.8,0,-1,2096.4,139.371023,-35.449689,1692,5020049720
"001442",130,41.9921627647715,41.994381270903,42.27,0.795533853378295,41.6374285714286,41.6311428571429,41.65,0.191024218623819,-0.354734193342885,-0.363238413760158,"Small Aral Sea","Kazakhstan","Asia","SWBD",1,0,2964.43,489.88,2.54,79447.53,0,1,26.8,362.486,2536.7,39,-1,325885.8,60.952083,46.335417,130,4020050220
"001446",986,585.289438943894,585.325082508251,586.72,5.14005315746396,586.244285714286,586.392,585.96,3.18425749560542,0.954846770391327,1.06691749174922,NA,"Argentina","South America","SWBD",2,2345,230.77,426.21,7.91,12400,12400,2,53.7,664.932,215.8,577,6.52,33304.5,-69.989287,-40.191176,986,6020017370
"001450",1337,686.322901234568,686.301882716049,687.11,4.37053569900283,689.390571428571,689.316571428571,689.51,0.875573569513293,3.06767019400354,3.01468871252212,NA,"Turkey","Asia","SWBD",2,4431,194.88,381.59,7.71,9580,9580,2,49.2,672.268,164.9,675,8.98,79632.6,39.136667,38.228336,1337,2020071190
"001458",1612,696.014967637541,696.180080906149,696.395,3.62531484115412,700.330588235294,700.478823529412,700.705,1.93030526895944,4.31562059775365,4.29874262326291,NA,"United Republic of Tanzania","Africa","SWBD",2,4501,443.68,221.14,2.96,3200,3200,2,7.2,103.314,358.5,698,1.31,69839.8,35.984917,-7.136711,1612,1020000010
"001462",118,28.3317002881844,28.3384149855908,28.345,0.294391523175627,28.4755882352941,28.4535294117647,28.465,0.183553991338204,0.143887947109679,0.115114426173928,"Saratov Reservoir","Russia","Europe","SWBD",2,4629,1073.41,812.9,7,12900,12900,2,12,8035.998,18.6,23,-1,1289567,47.757833,52.053704,118,2020065840
"001465",65,490.355740740741,490.306882716049,490.3,1.62091489112764,487.940909090909,487.819393939394,488.04,1.12720717826283,-2.41483164983163,-2.48748877665543,"Oahe","United States of America","North America","SWBD",2,870,1092.54,1675.27,14.3,29110,29110,2,26.6,965.451,349,486,-1,612788.4,-100.39797,44.456316,65,7020046750
"001470",16636,276.805011037528,276.821832229581,278.84,9.42887718952727,286.713714285714,286.686,286.68,1.24734090277321,9.90870324818667,9.86416777041944,"Eildon","Australia","Oceania","SWBD",2,6653,43.45,144.61,6.19,3390,3390,2,78,46.521,843.4,260,7.04,3881,145.927083,-37.21875,16636,5020049720
"001479",931,398.113752417795,398.148239845261,398.44,2.32649773393961,397.926176470588,397.987058823529,398.05,1.37838072478539,-0.18757594720671,-0.161181021731693,"Sao Simao Reservoir","Brazil","South America","SWBD",2,2380,583.59,946.93,11.06,12540,12540,2,21.5,2111.264,68.7,399,-1,171680.3,-50.499679,-19.017154,931,6020014330
"001490",585,375.735796875,375.768484375,376.33,1.69168175417946,376.75,376.688571428571,376.89,0.701854685814661,1.01420312499999,0.920087053571422,"La Grande 4 Reservoir","Canada","North America","CanVec",2,1999,805.72,1523.88,15.14,19530,19530,2,24.2,716.494,315.5,372,-1,34525.2,-73.462687,53.886767,585,7020024600
"001493",724,388.67050955414,388.796199575372,390.31,4.47484460153503,391.185294117647,391.192352941176,391.17,0.944073171580303,2.51478456350691,2.39615336580493,"Franklin D. Roosevelt","United States of America","North America","SWBD",2,310,269.2,495.24,8.51,6395.6,6395.6,2,23.8,3166.706,23.4,384,11.43,194674.4,-118.98095,47.954652,724,7020014250
"001500",1524,265.668081841432,265.643810741688,266.41,3.07807859706263,265.827666666667,265.604666666667,266.4,3.46209392821976,0.159584825234447,-0.0391440750212837,"Srisailam Reservoir","India","Asia","GRanD",2,4991,536.42,609.94,7.43,8722,8722,2,16.3,1703.57,59.3,263,-1,210924.9,78.896129,16.087911,1524,4020024190
"001501",1579,0.52928716904277,0.519775967413442,0.51,0.28432106926302,0.614444444444444,0.608611111111111,0.605,0.211098412316483,0.0851572754016746,0.0888351436976691,NA,"Ivory Coast","Africa","SWBD",1,0,406.19,296.11,4.14,7606.93,0,3,18.7,318.544,276.4,0,2.41,28153.1,-3.279745,5.149713,1579,1020021940
"001504",1574,711.174720394737,711.188289473684,711.815,3.78921789352257,709.45935483871,709.496129032258,709.73,3.28802771225534,-1.71536555602711,-1.69216044142615,NA,"Cameroon","Africa","SWBD",2,3670,163.86,829.89,18.29,3300,3300,2,20.1,49.142,777.2,714,1.44,2356.2,11.299545,6.04121,1574,1020018110
"001516",628,738.504040590406,738.471143911439,738.535,10.2148563341884,737.808857142857,737.757714285714,738.11,8.73714308247824,-0.695183447548743,-0.713429625724757,"Kinbasket","Canada","North America","CanVec",2,250,419.13,682.23,9.4,25000,25000,2,59.6,571.464,506.3,729,19.9,20975.7,-118.569792,52.077993,628,7020014250
"001533",1297,252.522175379427,252.51586846543,252.25,5.28946465221462,259.041714285714,258.810285714286,258.54,2.14369456466042,6.51953890628766,6.29441724885569,NA,"China","Asia","SWBD",2,5838,193.3,644.71,13.08,9170,9170,2,47.4,377.814,280.9,243,7.3,42874.9,126.686668,43.717337,1297,4020000010
"001534",1355,314.205743348983,314.225023474178,314.36,7.52602383935759,316.32,316.300277777778,317.68,8.34140138962615,2.11425665101723,2.07525430359937,NA,"Iraq","Asia","GRanD",2,4461,346.9,233.07,3.53,12500,12500,2,36,776.235,186.4,307,3.76,50755.1,42.828606,36.628982,1355,2020071190
"001550",10243,273.544144427002,273.51885400314,284.26,21.7330061370417,283.135142857143,283.239714285714,283.18,0.829547613882096,9.59099843014127,9.72086028257456,NA,"Brazil","South America","SWBD",2,2369,49.39,156.85,6.3,2600,2600,2,52.6,140.126,214.8,258,2.07,9366.8,-55.783711,-14.87336,10243,6020014330
"001551",957,324.36700280112,324.370700280112,324.82,2.48009519400777,324.739375,324.8215625,324.915,0.788059836847182,0.372372198879532,0.450862219887938,NA,"Brazil","South America","SWBD",2,2436,115.13,412.8,10.85,3573,3573,2,31,1374.042,30.1,326,8.14,57095.9,-53.488542,-25.542197,957,6020014330
"001555",954,706.789231950845,706.805299539171,706.75,4.72752493643107,712.211621621622,712.200540540541,712.19,1.75508390668923,5.42238967077674,5.3952410013701,"Paraibuna","Brazil","South America","SWBD",2,2416,104.9,735.25,20.25,4732,4732,2,45.1,49.597,1104.3,712,7.55,2673.4,-45.659031,-23.365001,954,6020008320
"001560",448,259.124,258.9936,259.285,1.40207005724903,259.859411764706,259.567647058824,259.57,0.662254393985381,0.735411764705873,0.57404705882351,NA,"Canada","North America","CanVec",3,701,124.65,323.15,8.16,790,790,2,6.3,18.85,485.1,258,1.04,3682.3,-96.991457,58.282178,448,7020021430
"001570",1318,97.7797750865052,97.6529584775086,96.395,10.8110278339423,117.098857142857,117.135142857143,116.86,3.58404205876432,19.3190820563519,19.4821843796342,NA,"China","Asia","GRanD",2,5902,284.53,534.79,8.94,14700,14700,2,51.7,527.585,322.5,80,12.3,53089.3,124.966211,40.462665,1318,4020000010
"001604",797,200.25576344086,200.269397849462,200.35,0.701719185008379,200.407647058824,200.4,200.475,0.4874861851875,0.151883617963307,0.130602150537641,"Osage","United States of America","North America","SWBD",2,993,175.89,886.51,18.86,3302,3302,2,18.8,370.623,103.1,202,5.8,36189.4,-92.627083,38.20625,797,7020046750
"001610",823,325.307910238429,325.301725105189,325.58,1.26229592090426,325.926666666667,325.939444444444,326.005,0.526774551939854,0.618756428237532,0.637719339255113,"Lake Sidney Lanier","United States of America","North America","SWBD",2,1863,133.83,545.27,13.3,3150.3,3150.3,2,23.5,64.677,563.8,327,4.44,2677.1,-84.072357,34.16084,823,7020038340
"001618",1311778,63.6394325153374,63.6257975460123,63.675,0.488913479274289,63.9455882352941,63.9485294117647,63.995,0.203740642863339,0.306155719956692,0.322731865752431,NA,"Russia","Europe","SWBD",1,0,0.14,2.14,1.62,0.15,0,3,1,0.013,129.3,59,0.23,1.6,53.235442,55.822544,1311778,2020065840
"001621",932,798.86643776824,798.932188841202,797.695,8.6132676709474,804.581621621622,804.570810810811,805.96,3.44238573078608,5.71518385338129,5.63862196960906,NA,"Brazil","South America","SWBD",2,2381,237.2,948.18,17.37,12800,12800,2,54,207.006,715.7,796,5.92,15355.8,-47.696299,-19.129517,932,6020014330
"001673",903,13.3499136442142,13.3704490500864,14.03,3.07975892635006,10.9631428571429,10.9248571428571,11.66,3.25545946104709,-2.3867707870713,-2.44559190722921,NA,"Brazil","South America","SWBD",1,0,388.07,1099.63,15.75,14661.79,0,3,37.8,3180.958,53.3,5,4.5,85056.6,-57.733993,-3.366191,903,6020006540
"001723",1488,333.603926788685,333.52231281198,336.8,8.36194300913158,339.344166666667,339.145555555556,339.42,3.4217542493372,5.7402398779812,5.62324274357553,"Bansagar Lake","India","Asia","GRanD",2,4859,384.24,213.73,3.08,5410,5410,2,14.1,283.748,220.7,331,2.54,18725,81.288434,24.190348,1488,4020024190
"001736",1270,56.7857372262774,56.7800437956204,56.78,0.129254230086366,56.6174285714286,56.6182857142857,56.61,0.0484672634904435,-0.168308654848801,-0.161758081334725,NA,"Kazakhstan","Asia","SWBD",1,0,174.91,87.27,1.86,562.35,0,3,3.2,0,-1,53,0.63,15014.1,66.322917,45.864583,1270,4020050220
"001762",891,10.3684895104895,10.3896643356643,10.85,2.78504413330734,8.56,8.54142857142857,9.09,2.991519385746,-1.80848951048951,-1.84823576423576,NA,"Brazil","South America","SWBD",1,0,202.37,416.83,8.27,3392.89,0,3,16.8,909.463,43.2,1,2.58,24303.6,-56.70372,-2.196246,891,6020006540
"001770",884,9.35307359307359,9.35786435786436,9.69,2.61057690600152,7.82857142857143,7.83542857142857,8.51,2.80483106637893,-1.52450216450216,-1.52243578643579,NA,"Brazil","South America","SWBD",1,0,109.26,420.22,11.34,1343.01,0,3,12.3,61.643,252.2,4,2.27,1749.9,-56.437368,-1.400672,884,6020006540
"001777",10085,17.5029349269588,17.5122177954847,17.99,4.01459395780268,14.8882352941176,14.8752941176471,15.46,4.01026294806911,-2.61469963284119,-2.63692367783767,NA,"Brazil","South America","SWBD",1,0,61.13,172.18,6.21,570.35,0,3,9.3,174.212,37.9,9,2.3,4625.5,-60.014777,-3.579647,10085,6020006540
"001778",75,46.5109970238095,46.5177232142857,46.765,1.71167326993254,45.3262857142857,45.3342857142857,45.2,0.671219634932805,-1.18471130952381,-1.1834375,"Balbina Reservoir","Brazil","South America","SWBD",2,2363,2304.63,9106.36,53.51,17533,17533,2,7.6,704.488,288.1,38,-1,18894.9,-59.477151,-1.914499,75,6020006540
"001796",14297,40.6282653061225,40.6174829931973,40.585,0.400239346220194,40.5694285714286,40.5354285714286,40.5,0.331715175991683,-0.0588367346938767,-0.08205442176871,NA,"Republic of Serbia","Europe","GRanD",2,3891,87.31,164.98,4.98,868,868,2,9.9,5526.724,1.8,37,2.97,562362.3,22.567156,44.307747,14297,2020003440
"001816",407,92.9929968454259,92.9958201892745,92.94,0.856080662727455,93.3,93.3036363636364,93.11,0.935464456834145,0.307003154574133,0.307816174361918,"Lakes Nuyakuk, Tikchik, Chauekuktuli","United States of America","North America","NHD",1,0,241.83,229.83,4.17,12396.42,0,3,51.3,102.836,1395.2,95,6.55,4382.9,-158.191316,59.935775,407,8020000010
"001869",723,441.174710365854,441.18574695122,441.67,1.65318944341879,441.628529411765,441.651764705882,441.685,0.187570307673832,0.453819045911018,0.466017754662801,"Devils Lake","United States of America","North America","SWBD",1,0,343.2,428.1,6.52,2837.35,0,3,8.3,7.02,4678,435,1.23,8623.3,-98.603742,47.956952,723,7020021430
"001908",4725,95.5470671378092,95.5298586572438,95.4,0.588110716577724,95.6267741935484,95.6212903225806,95.46,0.634672551251295,0.0797070557391919,0.0914316653368275,NA,"United States of America","North America","NHD",1,0,80.62,104.72,3.29,3014.59,0,3,37.4,46.309,753.4,87,7.23,1902.8,-158.564613,60.039743,4725,8020000010
"001999",602,197.404155528554,197.392405832321,197.47,0.528793314955877,197.492285714286,197.495714285714,197.31,0.46865317487384,0.088130185731643,0.10330845339351,NA,"Canada","North America","CanVec",1,0,257.88,991.4,17.42,2656.5,0,3,10.3,184.898,166.3,194,1.59,21099.2,-87.332826,53.109746,602,7020021430
"002053",622,173.598054187192,173.568805418719,173.35,0.870037433904015,173.301470588235,173.226764705882,173.105,0.821030883237621,-0.296583598956801,-0.342040712836877,NA,"Canada","North America","CanVec",1,0,182.8,76.11,1.59,1008.98,0,3,5.5,5.492,2126.4,170,1,516.2,-85.07882,52.255117,622,7020021430
"002068",296,271.218783269962,271.182243346008,271.08,1.59360196291533,272.443235294118,272.434117647059,272.26,0.993846889580429,1.22445202415565,1.2518743010512,NA,"Canada","North America","CanVec",1,0,172.84,621.35,13.33,7812.31,0,3,45.2,35.993,2512.2,253,6.35,12088.9,-115.496875,63.965577,296,8020008900
"002174",7677,279.531347607053,279.487921914358,279.43,0.710635701114097,279.416176470588,279.427647058824,279.48,0.439958777035073,-0.115171136464653,-0.0602748555341464,NA,"Canada","North America","CanVec",1,0,91.04,259.5,7.67,724.14,0,3,8,102.402,81.8,276,1.84,15963.2,-86.940964,50.834539,7677,7020021430
"002282",14927,230.095495978552,230.460348525469,242.55,35.4756578679612,254.018611111111,254.075555555556,256.45,11.6741578228588,23.9231151325588,23.6152070300864,NA,"China","Asia","SWBD",2,5267,61.59,255.7,9.19,12650,12650,2,205.4,1361.938,107.5,206,9.19,696240.7,112.362625,34.924763,14927,4020006940
"002292",1508,633.311815789474,633.296315789474,634.995,8.17100431219656,635.065833333333,634.86,635.655,3.33784741447521,1.75401754385962,1.56368421052639,NA,"India","Asia","GRanD",2,4943,105.87,232.96,6.39,2300,2300,2,21.7,16.481,1615.2,641,6.05,1190.2,82.825722,19.274827,1508,4020024190
"003666",12470,76.1895125348189,76.1531058495822,76.22,0.574478029274236,76.4741176470588,76.4582352941176,76.33,0.647260509808788,0.284605112239873,0.305129444535467,NA,"Russia","Europe","MODIS",1,0,26.65,43.97,2.4,64.04,0,3,2.4,0.462,1604.3,64,0.84,54.7,73.47297,61.837347,12470,3020000010
"003765",15904,15.4829680365297,15.4973287671233,15.55,0.336164738248147,15.7237142857143,15.7134285714286,15.77,0.241259997833503,0.240746249184605,0.216099804305285,NA,"Ghana","Africa","SWBD",2,3669,25.27,45.66,2.56,200,200,2,7.9,1245.696,1.9,12,0.56,405019.3,0.122916,6.122917,15904,1020021940
"003871",1360,312.218616144975,312.224217462932,312.21,0.239383964469595,312.251111111111,312.236111111111,312.155,0.253645171481486,0.0324949661358573,0.0118936481786136,NA,"Syria","Asia","SWBD",1,0,220.07,177.85,3.38,979.43,0,3,4.5,0,-1,311,0.8,5333.7,37.51875,36.060417,1360,2020000010
"003901",172540,173.539133192389,173.689217758985,173.63,8.81078306325441,170.122121212121,170.172727272727,170.86,5.62688288351983,-3.4170119802678,-3.51649048625794,NA,"Turkey","Asia","SWBD",2,4388,6.72,41.56,4.52,1073.8,1073.8,2,159.8,178.813,69.5,158,16.75,35724.3,36.647017,40.934307,172540,2020003440
"003939",16351,42.5184496124031,42.5928875968992,43.785,3.45945704244526,46.6169696969697,46.7215151515151,46.63,0.923574864482046,4.09852008456659,4.12862755461592,NA,"Mozambique","Africa","SWBD",2,4598,36.04,74.46,3.5,357,357,2,9.9,19.941,207.2,47,1.86,3270.2,32.243749,-26.097917,16351,1020011530
"004009",15118,1011.15222903885,1011.14190184049,1011.46,7.31961404271557,1010.95222222222,1010.93055555556,1008.03,8.65334687063289,-0.200006816632595,-0.211346284935303,NA,"Afghanistan","Asia","SWBD",2,4715,42.72,105.83,4.57,2680,2680,2,62.7,199.645,155.4,1010,5.26,46815.2,65.120164,32.321458,15118,2020071190
"004033",15420,159.645125,159.880166666667,160.91,5.46075936764649,161.749428571429,161.656857142857,164.01,4.73849438911035,2.10430357142857,1.77669047619048,NA,"China","Asia","SWBD",2,5555,48.73,280.65,11.34,3656,3656,2,75,537.963,78.7,156,11.06,22242.9,111.127702,28.326192,15420,4020006940
"004034",15304,794.669884057971,794.640086956522,801.76,27.0156548497952,794.44,794.574333333333,794.69,25.4793443048854,-0.229884057970935,-0.0657536231883569,NA,"India","Asia","GRanD",2,4795,18.89,53.14,3.45,3540,3540,2,187.4,161.613,253.5,700,22.28,7301.8,78.476042,30.37459,15304,4020024190
"004078",15760,641.002378559464,641.05661641541,640.41,4.07791264180223,650.112058823529,650.106176470588,649.795,1.54366894592616,9.10968026406545,9.04956005517784,NA,"India","Asia","SWBD",2,5000,39.3,96.31,4.33,850,850,2,21.6,13.235,743.3,646,2.21,5477.8,76.488738,13.885542,15760,4020024190
"004783",178708,408.355468164794,408.269213483146,408.09,3.15878133130241,410.155714285714,410.228571428571,411.105,2.53924519051748,1.80024612092029,1.95935794542532,NA,"India","Asia","GRanD",2,4984,7.15,19.47,2.05,64.6,64.6,2,9,9.73,76.8,402,2.29,1679.5,77.774592,16.711539,178708,4020024190
"004945",12001,575.870149253731,575.83053304904,576.04,2.70422370235463,573.284090909091,573.216818181818,572.915,1.10694198708449,-2.58605834464049,-2.61371486722226,"Thorisvatn","Iceland","Europe","Other",2,2551,78.38,93.4,2.98,1180,1180,2,15.1,17.332,788,553,8.99,288.2,-18.796099,64.345985,12001,2020057170
"004990",15641,101.603438202247,101.60791011236,101.56,2.73929687810123,102.4678125,102.25,102.535,2.39730188979328,0.864374297752803,0.642089887640452,NA,"India","Asia","SWBD",1,0,13.63,36.53,2.79,135.89,0,3,10,9.345,168.3,93,3.34,136.5,73.257369,19.556989,15641,4020024190
"005015",14209,1.69098820058997,1.68463126843658,1.69,0.352851306039406,1.85485714285714,1.84742857142857,1.89,0.326725027657018,0.163868942267172,0.162797302991993,NA,"Ukraine","Europe","SWBD",1,0,59.54,79.84,2.92,297.98,0,3,5,2.706,1274.5,-1,1.34,1275.9,28.985939,45.399743,14209,2020003440
"005052",16032,1559.01908794788,1559.04833876222,1559.07,2.01728312132588,1566.37382352941,1566.36058823529,1566.4,0.375911133162663,7.35473558152898,7.31224947307896,NA,"United Republic of Tanzania","Africa","SWBD",1,0,11.68,28.48,2.35,56.85,0,3,4.9,1.405,468.3,1557,1.85,702,34.952083,-4.55625,16032,1020000010
"005059",15812,337.233164556962,337.233575949367,337.62,2.22086615124008,339.898787878788,339.906666666667,339.8,0.41037907457433,2.66562332182582,2.6730907172996,NA,"Ethiopia","Africa","SWBD",1,0,34.59,44.46,2.13,990.71,0,3,28.6,137.772,83.2,339,6.86,66894.3,41.642337,11.465998,15812,1020000010
"005809",15000,208.568898305085,208.602139830508,209.41,6.72609555510385,196.071764705882,196.255,196.735,1.54606728966469,-12.4971335992024,-12.3471398305085,NA,"Morocco","Africa","SWBD",2,2946,33.8,66.26,3.21,1270,1270,2,37.6,9.536,1541.4,202,5.23,3625,-4.747964,34.159808,15000,1020027430
"005826",9050,803.625242718447,803.632582524272,804.22,6.85358320957898,809.490625,809.4890625,808.975,2.9717725106136,5.86538228155337,5.85647997572823,"Lake Owyhee","United States of America","North America","SWBD",2,386,40.49,168.84,7.49,881.9,881.9,2,21.8,32.208,316.9,810,10.72,26949,-117.238522,43.639982,9050,7020014250
"006010",15480,194.895687919463,194.881912751678,195.12,0.778460253518185,194.8546875,194.80375,195.015,0.549627348095229,-0.0410004194630744,-0.0781627516778372,NA,"India","Asia","GRanD",2,4816,14.8,49.05,3.6,78.8,78.8,2,5.3,339.002,2.7,196,1.25,27008,78.781221,25.513835,15480,4020024190
"006133",4616,130.562647058824,131.000147058824,129.165,5.83036534469992,125.3765625,125.3796875,125.21,0.891557569197608,-5.18608455882352,-5.62045955882353,NA,"United States of America","North America","NHD",1,0,21.62,33.72,2.05,1263.87,0,3,58.5,10.314,1418.3,132,14.08,147,-143.868253,60.390548,4616,8020000010
"006134",60026,8.29033333333333,7.87125,7.47,2.41099869581132,7.3003125,6.7253125,6.77,1.946373773697,-0.990020833333332,-1.1459375,NA,"United States of America","North America","NHD",1,0,9.31,42.08,3.89,145.32,0,3,15.6,39.006,43.1,30,5.77,601.6,-143.996113,60.312673,60026,8020000010
"006596",13977,350.122333804809,350.12531824611,350.76,2.51714569489393,352.261612903226,352.252258064516,352.37,1.04328997814348,2.13927909841675,2.12693981840579,NA,"Kazakhstan","Asia","SWBD",1,0,22,79.69,4.79,221.77,0,3,10.1,15.617,164.4,346,3.05,13079.4,67.739032,47.793979,13977,4020050220
"010068",175,-9.94730515191546,-9.94963011889036,-9.93,0.13540993272589,-10.2030555555556,-10.2402777777778,-10.19,0.196480743432232,-0.2557504036401,-0.290647658887421,"Eyre","Australia","Oceania","SWBD",1,0,8026.7,2799.8,8.82,24200,0,1,3,1242.078,225.5,-15,-1,736713.1,137.20625,-28.427083,175,5020049720
"100642",1481,349.106056782334,349.069369085173,348.84,2.31913051893467,350.371612903226,350.441612903226,349.84,2.08856904246934,1.2655561208914,1.37224381805231,"Rana Pratap","India","Asia","SWBD",2,4836,171.42,149.87,3.23,2898.7,2898.7,2,16.9,184.252,182.1,346,3.52,25043,75.579578,24.916837,1481,4020024190
"101396",1209,0.371968253968254,0.266634920634921,0.17,0.570309949483108,0.849473684210526,0.885263157894737,1,0.679750556243575,0.477505430242272,0.618628237259816,NA,"Netherlands","Europe","GRanD",3,6823,327.92,133.89,2.09,3142.7,2780,3,9.6,0.387,93989.4,0,0.22,47.5,3.901042,51.63044,1209,2020018240
"301438",1348,532.752962085308,532.744928909953,533.25,2.99137318517781,534.924615384615,534.888461538462,534.94,1.23476388275404,2.17165329930742,2.14353262850898,"Ataturk Dam","Turkey","Asia","GRanD",2,4442,695.05,1461.01,15.63,48700,48700,2,70.1,701.683,803.3,530,-1,91564.6,38.322917,37.485417,1348,2020071190
"001437",1401895,384.912583333333,384.908805555556,384.92,0.908242579245119,386.222647058824,386.227352941176,386.475,0.735684833803211,1.31006372549024,1.31854738562095,NA,"South Sudan","Africa","SWBD",1,0,0.94,8.25,2.41,1.57,0,3,1.7,0.061,297.5,391,0.33,42.6,32.267019,10.682786,1401895,1020034170
"001680",81,256.926979405034,256.916910755149,257.77,2.06841561313423,257.613714285714,257.650285714286,257.7,0.293208274843966,0.686734880679978,0.733374959136938,"Porto Primavera Reservoir","Brazil","South America","SWBD",2,2401,1204.99,1908.43,15.51,20000,20000,2,16.6,7271.728,31.8,252,-1,572633.6,-52.958685,-22.471582,81,6020014330
"001886",380,1.1206038647343,1.12705314009662,1.12,0.320249105859278,1.17828571428571,1.20514285714286,1.16,0.226059410648743,0.0576818495514149,0.0780897170462387,"Kagalurpak Lake","United States of America","North America","NHD",1,0,111.05,128.28,3.43,217.49,0,3,2,4.13,609.5,12,0.46,283.4,-164.08948,60.873846,380,8020000010
"005382",178976,193.898864628821,193.933340611354,194.73,7.8603023602078,197.167142857143,197.184285714286,194.82,5.41790526670517,3.26827822832189,3.25094510293201,NA,"India","Asia","SWBD",1,0,1.07,9.24,2.52,6,0,3,5.6,0.145,479.2,186,3.7,38.4,78.895632,14.791858,178976,4020024190
"010065",177,32.3145153061225,32.3115051020408,32.31,0.0653452938493558,32.3622857142857,32.3514285714286,32.35,0.0964086191620827,0.0477704081632595,0.0399234693877517,"Torrens","Australia","Oceania","SWBD",1,0,3539.2,2337.07,11.08,1769,0,1,0.5,0,-1,30,-1,32840.8,137.860417,-31.252083,177,5020049720
"000277",13,25.4580607476636,25.4636214953271,24.975,2.26398494836387,20.3085714285714,20.3414285714286,20.37,0.183705250462852,-5.14948931909212,-5.12219292389853,"Large Aral Sea","Uzbekistan","Asia","SWBD",1,0,23865.91,1887.15,3.45,26800,0,1,1.1,1619.172,191.6,29,-1,622506.9,59.714583,44.90625,13,4020050220
"000278",12,342.282739872068,342.280756929638,342.47,0.592514186662886,341.876176470588,341.882352941176,341.87,0.11311069145089,-0.406563401480014,-0.398403988461041,"Balkhash","Kazakhstan","Asia","SWBD",1,0,16717.89,3092.2,6.75,111500,0,1,6.7,470.083,2745.3,338,-1,404800.5,74.602083,46.385417,12,4020050220
"000398",161,1033.38886043534,1033.38564660691,1033.15,0.739187084493061,1035.51766666667,1035.59533333333,1035.545,0.465030094193648,2.12880623132742,2.20968672641925,"Kyoga","Uganda","Africa","SWBD",1,0,2788.19,1453.33,7.76,8364.57,0,1,3,3428.311,28.2,1034,-1,318838,32.349026,1.613382,161,1020034170
"000406",161,1033.50618238022,1033.49714064915,1033.22,0.803138840827486,1035.7878125,1035.788125,1035.93,0.443430427863082,2.28163011978359,2.29098435085007,"Kyoga","Uganda","Africa","SWBD",1,0,2788.19,1453.33,7.76,8364.57,0,1,3,3428.311,28.2,1034,-1,318838,32.349026,1.613382,161,1020034170
"000622",12,342.75744966443,342.759977628635,342.91,0.584347517783418,342.348529411765,342.350294117647,342.41,0.153842350494596,-0.408920252664814,-0.409683510988259,"Balkhash","Kazakhstan","Asia","SWBD",1,0,16717.89,3092.2,6.75,111500,0,1,6.7,470.083,2745.3,338,-1,404800.5,74.602083,46.385417,12,4020050220
"002327",13,31.2678,31.27201,29.61,3.14146748797087,28.555,28.5475,28.395,0.43903513737724,-2.7128,-2.72451,"Large Aral Sea","Uzbekistan","Asia","SWBD",1,0,23865.91,1887.15,3.45,26800,0,1,1.1,1619.172,191.6,29,-1,622506.9,59.714583,44.90625,13,4020050220
"006128",184383,0.544819897084048,0.516500857632933,0.76,1.12218579365438,1.14592592592593,1.15185185185185,1.15,0.4331038182456,0.601106028841878,0.635350994218919,NA,"South Africa","Africa","SWBD",1,0,8.89,30.31,2.87,72.64,0,3,8.2,4.729,177.8,0,2.73,1917.9,18.361922,-32.320027,184383,1020011530
"000063",178710,1.74409246575342,1.72815068493151,1.86,1.0249443937616,2.58142857142857,2.55942857142857,2.49,0.685969227817549,0.837336105675147,0.831277886497065,NA,"Mauritania","Africa","SWBD",1,0,2.04,17.08,3.38,3.4,0,3,1.7,0.109,360.8,4,0.7,954.6,-15.418331,16.703165,178710,1020021940
"000209",1245,484.55740625,484.556796875,484.58,0.685139253833829,484.625714285714,484.632,484.58,0.475012604874774,0.068308035714324,0.07520312500003,"Ulungur","China","Asia","SWBD",1,0,854.89,204.58,1.97,6839.32,0,1,8,13.255,5972,478,-1,39719.2,87.285417,47.277083,1245,3020000010
"000315",17,769.485837275308,769.485704824976,769.48,0.5370846563076,772.003714285714,772.004571428571,771.95,0.294359581167675,2.51787701040678,2.51886660359514,"Tanganyika","Democratic Republic of the Congo","Africa","SWBD",1,0,32826.65,2126.23,3.31,18940000,0,1,577,1490.748,147049,767,-1,239411.9,29.185417,-5.91118,17,1020018110
"000380",494,641.158991825613,641.150572207084,641.13,0.30938122174779,640.901818181818,640.83303030303,640.76,0.407265688352312,-0.257173643794886,-0.31754190405411,"Utikuma","Canada","North America","CanVec",1,0,253.72,136.56,2.42,727.41,0,3,2.9,7.389,1139.4,636,0.52,2462.6,-115.390625,55.925215,494,8020008900
"000440",24,79.4304977876106,79.3736061946903,79.08,0.929599799575341,79.8455555555555,79.7286111111111,79.945,1.06569211432744,0.41505776794493,0.355004916420839,"Aberdeen","Canada","North America","CanVec",1,0,1102.61,839.04,7.13,34822.22,0,1,31.6,860.142,468.6,51,-1,150856.5,-97.924161,64.719664,24,8020010700
"000448",934,380.404102564103,380.449981684982,380.745,2.56479682842768,379.892352941176,379.745,379.405,1.55251713272844,-0.511749622926118,-0.704981684981703,"Agua Vermelha Reservoir","Brazil","South America","SWBD",2,2382,507.07,851.64,10.67,11100,11100,2,21.9,2234.938,57.5,379,-1,139428.8,-50.345936,-19.867125,934,6020014330
"000534",15717,255.124050632911,255.126473779385,255.1,0.533824603757256,255.270555555556,255.2775,255.17,0.44506143681483,0.146504922644141,0.151026220614824,NA,"Mali","Africa","SWBD",1,0,40.86,69.81,3.08,49.37,0,3,1.2,0.079,7233.5,256,0.42,204.4,-3.836724,16.195098,15717,1020021940
"000596",1208,243.49147008547,243.515299145299,243.61,1.58643691388074,244.633333333333,244.505,245.07,1.14545077208248,1.14186324786323,0.989700854700857,"Iriklinskoye","Russia","Europe","SWBD",2,4630,222.5,404.31,7.65,3260,3260,2,14.7,64.559,584.4,240,2.54,36787.7,58.623958,51.67374,1208,2020065840
"000615",122,393.194638297872,393.207957446809,393.58,1.32219048876779,393.275757575758,393.285151515152,393.76,1.11310385382225,0.0811192778851932,0.077194068343033,"Zaysan","Kazakhstan","Asia","SWBD",3,4787,4193.6,1565.58,6.82,53000,49800,1,12.6,802.318,764.6,388,-1,143970.3,83.34758,49.655849,122,3020000010
"000778",906,27.0250147058824,27.0589852941176,27.78,3.46458871483537,25.472,25.4708571428571,26.18,3.13229083616974,-1.55301470588235,-1.5881281512605,"Mamia","Brazil","South America","SWBD",1,0,180.7,233.09,4.89,4192.18,0,3,23.2,172.546,281.2,20,3.51,5413.4,-62.958152,-4.071027,906,6020006540
"001265",13658,0.832555555555556,0.77215873015873,0.72,0.583988786120144,0.888666666666667,0.878,0.83,0.409732741601437,0.0561111111111111,0.10584126984127,NA,"Netherlands","Europe","GRanD",3,6821,81.06,77.91,2.44,631.07,550,3,7.8,1.108,6592.1,0,0.24,73.4,4.139583,51.821373,13658,2020018240
"001444",15190,474.607784431138,474.629261477046,474.95,1.40215465674694,473.6775,473.74,473.68,0.740557222637118,-0.930284431137693,-0.88926147704592,NA,"Afghanistan","Asia","SWBD",1,0,97.53,95.32,2.72,304.67,0,3,3.1,516.414,6.8,471,0.8,204445.1,61.752083,31.489583,15190,2020071190
"001459",86,2.63194552529183,2.63167315175097,2.6,0.555885956855048,3.72117647058824,3.73970588235294,4.135,0.773244893215685,1.08923094529641,1.10803273060197,"Mirim","Brazil","South America","SWBD",1,0,3899.7,710.56,3.21,23398.2,0,1,6,936.334,289.2,0,-1,47756.3,-52.628161,-32.14898,86,6020014330
"001503",15458,34.517347972973,34.5299155405405,34.64,0.766093145650803,34.6333333333333,34.6439393939394,34.66,0.464473267978541,0.115985360360362,0.114023853398848,NA,"Pakistan","Asia","SWBD",1,0,90.14,87.42,2.6,117.02,0,3,1.3,69.083,19.6,32,0.38,95542.1,67.696496,26.413918,15458,4020024190
"001672",898,10.501969924812,10.496992481203,11,2.87812939151019,8.75571428571429,8.77771428571429,9.58,3.31210372609871,-1.74625563909775,-1.71927819548872,NA,"Brazil","South America","SWBD",1,0,321.62,1068.75,16.81,6507.32,0,3,20.2,212.755,354,5,2.73,6370.7,-56.886458,-2.778102,898,6020006540
"001720",15502,366.231915708812,366.182643678161,366.68,4.85600549971135,368.458235294118,368.412647058824,368.09,2.99245664821462,2.22631958530536,2.23000338066265,"Rajghat","India","Asia","SWBD",2,4842,46.72,98.05,4.05,2172,2172,2,46.5,247.576,101.5,354,0.62,16816.9,78.231178,24.76032,15502,4020024190
"001751",14654,263.051091854419,263.102495667244,263.76,7.5842819704421,260.081666666667,260.041666666667,262.25,5.75918967514404,-2.96942518775273,-3.06082900057766,NA,"Greece","Europe","GRanD",2,4026,62.54,165.89,5.92,4750,4750,2,76,56.912,966,267,11.71,3681.5,21.498184,38.888651,14654,2020000010
"002001",1421,14.7193861066236,14.720662358643,14.76,0.349567385711167,14.5541666666667,14.5405555555556,14.55,0.210650353497381,-0.165219439956919,-0.180106803087417,NA,"Iraq","Asia","SWBD",1,0,119.86,64.39,1.66,119.86,0,3,1,1.911,725.9,13,0.25,5514.3,45.642661,32.127828,1421,2020071190
"003683",15824,344.696747404844,345.086505190311,346.41,6.33606392412178,342.629714285714,342.632571428571,343.34,6.83639459747877,-2.06703311913003,-2.45393376173996,NA,"Guinea","Africa","SWBD",2,3023,61.69,254.1,9.13,1600,1600,2,25.9,61.084,303.2,347,6.5,2500.6,-12.663237,10.532128,15824,1020021940
"006132",55433,286.487113402062,285.66824742268,295.8,33.1734765085616,231.046470588235,230.710294117647,230.475,3.38250210629775,-55.4406428138266,-54.9579533050333,NA,"United States of America","North America","NHD",1,0,5.34,16.23,1.98,209.15,0,3,39.2,19.381,124.9,275,20.78,446.6,-151.87373,61.479841,55433,8020000010
